Area_name,PC1,PC2,cluster
"Autauga County, AL",-0.138102084005,-0.00123076878742,4
"Baldwin County, AL",-0.106710864009,-0.0473879182644,4
"Barbour County, AL",0.364033665271,0.0218121287623,0
"Bibb County, AL",0.112938104695,0.0148425647009,5
"Blount County, AL",-0.0816601393248,-0.0627163531479,2
"Bullock County, AL",0.498100699713,0.226370806915,0
"Butler County, AL",0.237916617553,0.0515252726583,5
"Calhoun County, AL",0.0883112499418,-0.0722816968963,5
"Chambers County, AL",0.144984103859,-0.0254120004887,5
"Cherokee County, AL",0.0636283502138,-0.0209796618675,5
"Chilton County, AL",0.0913635834866,0.0915530749166,5
"Choctaw County, AL",0.221527630996,-0.00147941051936,5
"Clarke County, AL",0.227338630989,0.105305059231,5
"Cleburne County, AL",0.0782175950385,0.0982413788766,5
"Coffee County, AL",-0.019470876126,-0.0510972910406,2
"Colbert County, AL",0.0781040946957,-0.0540476483601,5
"Conecuh County, AL",0.311646314084,0.0437302163523,0
"Coosa County, AL",0.11421684417,0.00209491065016,5
"Covington County, AL",0.144925482944,-0.0976067799679,5
"Crenshaw County, AL",0.109006277741,0.0623534693559,5
"Cullman County, AL",0.0639087207503,-0.103999836425,2
"Dale County, AL",0.00142543185444,-0.194765601619,2
"Dallas County, AL",0.418850912461,-0.0634384958427,0
"DeKalb County, AL",0.131726604342,0.0548552460029,5
"Elmore County, AL",-0.0974376883757,0.00551765439164,1
"Escambia County, AL",0.191796750677,0.0706294090841,5
"Etowah County, AL",0.0370284862363,-0.145046229374,2
"Fayette County, AL",0.133044244748,0.0891644862086,5
"Franklin County, AL",0.121291325638,0.0653896059906,5
"Geneva County, AL",0.129353629665,-0.0381934693377,5
"Greene County, AL",0.490842999773,0.0089487667995,0
"Hale County, AL",0.276984272416,0.0959815926454,0
"Henry County, AL",0.0357559429783,0.0500791131893,1
"Houston County, AL",0.0558872137343,-0.0544395344303,2
"Jackson County, AL",0.0997397202438,0.0977400202649,5
"Jefferson County, AL",0.0204233386902,-0.0470664646444,2
"Lauderdale County, AL",0.0549441752547,0.00974502188301,5
"Lawrence County, AL",0.088735782261,0.0378652179916,5
"Lee County, AL",0.073035341353,-0.000458310930627,5
"Limestone County, AL",-0.082828485017,0.0584346792419,1
"Lowndes County, AL",0.468282873564,0.0549658661684,0
"Macon County, AL",0.31495084342,-0.103406589882,0
"Madison County, AL",-0.124760174738,0.0136251118844,1
"Marengo County, AL",0.176532515321,0.0122735896537,5
"Marion County, AL",0.104128147949,-0.103570696395,2
"Marshall County, AL",0.0892873242416,-0.011699466387,5
"Mobile County, AL",0.0728304024174,-0.0453012690869,5
"Monroe County, AL",0.325633132868,0.091767882572,0
"Montgomery County, AL",0.136537170123,0.0105059495689,5
"Morgan County, AL",-0.00762535311181,-0.0305737477308,2
"Perry County, AL",0.513808811369,0.093649789957,0
"Pickens County, AL",0.196737867857,0.0271328289008,5
"Pike County, AL",0.243197885274,0.131435586138,0
"Randolph County, AL",0.0940965203783,0.0795404090913,5
"Russell County, AL",0.126393506166,-0.14459443028,2
"St. Clair County, AL",-0.129061229616,-0.0486654528265,4
"Shelby County, AL",-0.286005444286,0.0678210081008,4
"Sumter County, AL",0.393125290564,0.130282208641,0
"Talladega County, AL",0.153342255924,-0.0438042028371,5
"Tallapoosa County, AL",0.125822780811,0.00577466165573,5
"Tuscaloosa County, AL",0.0576389657756,0.0310205949314,5
"Walker County, AL",0.12846872927,-0.0721097492027,5
"Washington County, AL",0.167137366923,0.101082916599,5
"Wilcox County, AL",0.506944214155,0.0643024319962,0
"Winston County, AL",0.0979045202507,-0.029514377654,5
"Anchorage Borough/municipality, AK",-0.347011898302,-0.0765066369537,4
"Bethel Census Area, AK",0.250342566483,0.119146426401,0
"Fairbanks North Star Borough, AK",-0.333085302439,-0.183382925805,4
"Kenai Peninsula Borough, AK",-0.184709665761,-0.168057122625,4
"Matanuska-Susitna Borough, AK",-0.311366811364,-0.190938752256,4
"Yukon-Koyukuk Census Area, AK",0.294225606764,-0.0850847857197,0
"Apache County, AZ",0.518160749931,-0.148088815489,0
"Cochise County, AZ",-0.0112752703061,-0.289653563252,2
"Coconino County, AZ",0.00883972261243,-0.0973708034991,2
"Gila County, AZ",0.0802860956268,-0.220583495154,2
"Maricopa County, AZ",-0.0627691900829,-0.079295201269,2
"Mohave County, AZ",0.0431284640174,-0.200755197269,2
"Navajo County, AZ",0.252859544907,-0.235354212914,2
"Pima County, AZ",0.022202584584,-0.133199528493,2
"Pinal County, AZ",-0.0620479884844,-0.182113006806,2
"Santa Cruz County, AZ",0.267737186921,0.0426471136914,0
"Yavapai County, AZ",-0.0711390348515,-0.227161748803,2
"Yuma County, AZ",0.312587057157,-0.0997388940222,0
"Arkansas County, AR",0.069661916905,0.03688603925,5
"Ashley County, AR",0.0902593760465,-0.0472827296691,5
"Baxter County, AR",0.0235899251618,-0.142786773235,2
"Benton County, AR",-0.172870482609,0.125610830825,1
"Boone County, AR",-0.0162032278829,-0.162197745665,2
"Carroll County, AR",0.0150037500982,-0.0771909702588,2
"Chicot County, AR",0.357195830602,0.0946520329621,0
"Clark County, AR",0.114753679266,-0.0288741334914,5
"Cleburne County, AR",0.0053382943643,-0.00107044364542,1
"Columbia County, AR",0.166793713928,0.056992889886,5
"Conway County, AR",0.04057358307,0.0806413123753,1
"Craighead County, AR",0.0158789886671,-0.010946264752,1
"Crawford County, AR",-0.069909413411,-0.0742418649118,2
"Crittenden County, AR",0.190559393809,-0.00609939090104,5
"Cross County, AR",0.135244089417,0.195496266694,5
"Desha County, AR",0.332807766601,0.0535106762544,0
"Drew County, AR",0.123081787808,0.0439630584011,5
"Faulkner County, AR",-0.0809395171985,-0.0533327382435,2
"Fulton County, AR",0.0637431549485,-0.0962005406233,2
"Garland County, AR",0.065844318651,-0.158216543249,2
"Greene County, AR",0.0289588748484,0.08738655825,1
"Hempstead County, AR",0.162776954621,-8.00428883459e-05,5
"Hot Spring County, AR",0.0844503484908,-0.0278737022395,5
"Independence County, AR",0.0821092087101,0.00338252167175,5
"Jackson County, AR",0.278898865732,0.117583680181,0
"Jefferson County, AR",0.220139661552,-0.0164282035746,5
"Lee County, AR",0.379193789173,0.139716553076,0
"Lincoln County, AR",0.167392114552,0.173102290251,5
"Logan County, AR",0.112603386274,0.0521716047808,5
"Lonoke County, AR",-0.177015424064,-0.0930341677976,4
"Miller County, AR",0.105151480152,-0.0837437972313,5
"Mississippi County, AR",0.246321773465,-0.0561497433719,5
"Nevada County, AR",0.149038902951,0.0414396761513,5
"Ouachita County, AR",0.145090767758,0.0352434274138,5
"Phillips County, AR",0.38158463051,-0.1547235805,0
"Poinsett County, AR",0.190723412167,0.0423725925346,5
"Pope County, AR",0.092891537545,-0.000458376335892,5
"Pulaski County, AR",0.0396889984926,-0.0161522615641,5
"St. Francis County, AR",0.272989999531,-0.000316040195722,0
"Saline County, AR",-0.183227927167,-0.0305158173633,4
"Sebastian County, AR",0.103159972171,-0.0630681183909,5
"Sevier County, AR",0.0891158162123,0.0565304865437,5
"Stone County, AR",0.148314821777,-0.00305971557725,5
"Union County, AR",0.0742664010422,0.0124902473711,5
"Washington County, AR",0.00156415913776,0.102468143162,1
"White County, AR",0.0974209292974,0.0626159983967,5
"Yell County, AR",0.0825349742869,0.143918901718,5
"Alameda County, CA",-0.269326656639,0.183214124255,3
"Butte County, CA",0.061512035227,-0.266201855988,2
"Calaveras County, CA",-0.163886771553,-0.333104104374,2
"Contra Costa County, CA",-0.324565111755,0.0601847722501,3
"Del Norte County, CA",0.128002715216,-0.187978410096,2
"El Dorado County, CA",-0.33800906464,-0.152914654699,4
"Fresno County, CA",0.209518690412,-0.0650358224982,5
"Humboldt County, CA",0.0736675687184,-0.202680043001,2
"Imperial County, CA",0.412785387765,-0.0741021749803,0
"Kern County, CA",0.129709233927,-0.0387044522061,5
"Kings County, CA",0.133751574104,-0.130170400697,2
"Lake County, CA",0.0725931866137,-0.298157548652,2
"Lassen County, CA",-0.100180663579,-0.223136560799,2
"Los Angeles County, CA",-0.0163848887281,0.101184403598,1
"Madera County, CA",0.132991343914,-0.0893503336245,5
"Marin County, CA",-0.47253040689,0.238603262134,3
"Mendocino County, CA",0.042761782941,-0.195886644341,2
"Merced County, CA",0.25551657002,-0.0405385387942,5
"Monterey County, CA",-0.0453475040872,0.0912921827653,1
"Napa County, CA",-0.282649210034,0.0131989543412,4
"Nevada County, CA",-0.19019787718,-0.239215270575,4
"Orange County, CA",-0.249352296695,0.0914866816422,4
"Placer County, CA",-0.34733182942,-0.14566566824,4
"Riverside County, CA",-0.0606357309979,-0.0762035417726,2
"Sacramento County, CA",-0.0761979341732,-0.131400407015,2
"San Benito County, CA",-0.304628571522,-0.057494722024,4
"San Bernardino County, CA",0.007872866115,-0.0913380675745,2
"San Diego County, CA",-0.161206553978,-0.000128075775182,4
"San Francisco County/city, CA",-0.30244687225,0.331462550792,3
"San Joaquin County, CA",0.0120170625337,-0.0882474252171,2
"San Luis Obispo County, CA",-0.169460739589,-0.155030805463,4
"San Mateo County, CA",-0.465377584377,0.218298868727,3
"Santa Barbara County, CA",-0.109944249055,0.0291220104996,1
"Santa Clara County, CA",-0.448968577376,0.277511877568,3
"Santa Cruz County, CA",-0.110468529924,-0.0237934454611,4
"Shasta County, CA",-0.000306083948857,-0.371017861268,2
"Siskiyou County, CA",0.137752228368,-0.323638577521,2
"Solano County, CA",-0.230764412389,-0.184030759259,4
"Sonoma County, CA",-0.237179590617,-0.0757338252882,4
"Stanislaus County, CA",0.0626105816205,-0.0738057320541,2
"Sutter County, CA",0.0202666292045,-0.165902132637,2
"Tehama County, CA",0.112246644712,-0.226991734179,2
"Trinity County, CA",0.0512391521127,-0.290353545094,2
"Tulare County, CA",0.28577167955,-0.0274623456801,0
"Tuolumne County, CA",-0.12127790113,-0.258199675462,2
"Ventura County, CA",-0.310209441794,0.00553029908133,4
"Yolo County, CA",-0.0281586448147,0.0886160817589,1
"Yuba County, CA",0.0550271893513,-0.315150525498,2
"Adams County, CO",-0.177672424795,-0.00769618982886,4
"Arapahoe County, CO",-0.26621640768,0.000720819029461,4
"Boulder County, CO",-0.21074995218,0.237406020141,3
"Broomfield County/city, CO",-0.452041130827,0.112795573219,3
"Denver County/city, CO",-0.0638983220925,0.17334069273,1
"Douglas County, CO",-0.615255694729,0.194177639123,3
"El Paso County, CO",-0.208473802316,-0.154272052851,4
"Fremont County, CO",0.0118814399159,-0.0886516438879,2
"Garfield County, CO",-0.232516130577,0.0286389951593,4
"Jefferson County, CO",-0.310944972039,0.0220847877064,4
"La Plata County, CO",-0.242626423597,-0.0241337735206,4
"Larimer County, CO",-0.214188716946,-0.0213483068413,4
"Mesa County, CO",-0.0888133828245,-0.118546116899,2
"Montezuma County, CO",0.0305162380392,-0.130074339075,2
"Pueblo County, CO",0.0514443378629,-0.219791174238,2
"Weld County, CO",-0.262155075589,-0.050067350146,4
"Fairfield County, CT",-0.310562520885,0.301481891636,3
"Hartford County, CT",-0.183537383268,0.154514702585,1
"Litchfield County, CT",-0.287648458381,0.0850372435305,3
"Middlesex County, CT",-0.364987914281,0.168033891617,3
"New Haven County, CT",-0.09202797614,0.146325247677,1
"New London County, CT",-0.181716555977,0.083296415775,4
"Tolland County, CT",-0.363767965462,0.12478923339,3
"Windham County, CT",-0.178944002878,0.000312212843836,4
"Kent County, DE",-0.099530290039,-0.00257223782084,1
"New Castle County, DE",-0.175051232777,0.120275466109,1
"Sussex County, DE",-0.113200631891,0.0788268840821,1
"Alachua County, FL",0.0622564771461,-0.00846496580595,5
"Baker County, FL",-0.0356431067327,0.085033072105,1
"Bay County, FL",-0.0420311597473,-0.143887585052,2
"Brevard County, FL",-0.088067080894,-0.123650602258,2
"Broward County, FL",-0.0750834298073,0.00460367995648,1
"Charlotte County, FL",-0.0783535430099,-0.109358466926,2
"Citrus County, FL",0.0663471889912,-0.0760090262222,2
"Clay County, FL",-0.191015416448,-0.131796415482,4
"Collier County, FL",-0.122589356422,0.119365213571,1
"Columbia County, FL",0.015691361023,-0.13859765556,2
"DeSoto County, FL",0.311413294128,0.186596334712,0
"Dixie County, FL",0.231557346549,-0.0520432341142,5
"Duval County, FL",-0.0272719868822,-0.0801975948271,2
"Escambia County, FL",-0.0598327027845,-0.175248193399,2
"Flagler County, FL",-0.111347791739,-0.0898347304143,2
"Gadsden County, FL",0.192559199141,0.0372310551452,5
"Gilchrist County, FL",0.0441236230071,-0.105679208604,2
"Glades County, FL",0.134160054265,0.111005991296,5
"Hamilton County, FL",0.283616646984,0.0314740513051,0
"Hardee County, FL",0.245025148298,0.260646056671,0
"Hendry County, FL",0.266064372647,0.176693492849,0
"Hernando County, FL",-0.0184187074956,-0.125562916286,2
"Highlands County, FL",0.186242630367,-0.0452192107356,5
"Hillsborough County, FL",-0.0356427604427,0.00366546383568,1
"Indian River County, FL",-0.0728797102392,-0.0399217931868,2
"Jackson County, FL",0.139090523195,-0.0249666218678,5
"Lake County, FL",-0.0927454345378,-0.0689736129056,2
"Lee County, FL",-0.028568718812,0.00616623769734,1
"Leon County, FL",0.0926230816196,0.018851593438,5
"Levy County, FL",0.144164555296,-0.0419423702159,5
"Madison County, FL",0.195270013519,-0.0987551400045,5
"Manatee County, FL",-0.0517695652326,0.00484455118573,1
"Marion County, FL",0.08254401081,-0.0786189261904,2
"Martin County, FL",-0.143638436499,-0.0507047987976,4
"Miami-Dade County, FL",0.124673258025,0.101942612095,5
"Monroe County, FL",-0.198743292865,-0.0263937614636,4
"Nassau County, FL",-0.162966943264,-0.0169824531196,4
"Okaloosa County, FL",-0.186647108059,-0.147665597732,4
"Okeechobee County, FL",0.190644144649,0.132046928742,5
"Orange County, FL",-0.0376806467337,-0.0188819179318,1
"Osceola County, FL",0.0270814427607,-0.0999642984801,2
"Palm Beach County, FL",-0.0948403017022,0.0398968582652,1
"Pasco County, FL",-0.0292044607598,-0.0927103452317,2
"Pinellas County, FL",-0.0563063411586,-0.0572989971575,2
"Polk County, FL",0.0560405302318,0.00969245070668,5
"Putnam County, FL",0.268595544928,-0.0088626878519,0
"St. Johns County, FL",-0.28377555689,0.0372131362026,4
"St. Lucie County, FL",0.000322843209105,-0.0770613008829,2
"Santa Rosa County, FL",-0.190278815129,-0.129097017679,4
"Sarasota County, FL",-0.168445825012,0.016582816787,4
"Seminole County, FL",-0.168500741303,-0.0787662720107,4
"Sumter County, FL",-0.133917890876,-0.0196363822367,4
"Suwannee County, FL",0.147042422989,0.0444673651292,5
"Taylor County, FL",0.0997057157129,0.00690261540781,5
"Volusia County, FL",0.0134966069603,-0.112998595284,2
"Walton County, FL",-0.0647707757622,-0.0435249136116,2
"Washington County, FL",0.177130200145,0.00256594577122,5
"Baldwin County, GA",0.217281856394,0.0564480056874,5
"Barrow County, GA",-0.066706882093,-0.0107217477896,1
"Bartow County, GA",-0.0764214465234,0.0210846596035,1
"Ben Hill County, GA",0.38143438088,-0.000785901490718,0
"Bibb County, GA",0.233626061354,0.0327751428884,5
"Brantley County, GA",0.152124916596,0.0792641826724,5
"Bryan County, GA",-0.206457855699,0.017794164531,4
"Bulloch County, GA",0.263451353518,-0.0492224944553,0
"Burke County, GA",0.192619729672,-0.00303332344151,5
"Butts County, GA",0.0824160163001,0.167843136904,5
"Calhoun County, GA",0.375698108201,0.072235314207,0
"Camden County, GA",-0.142882882761,-0.21934594541,2
"Carroll County, GA",0.0918519381235,0.0588784030126,5
"Catoosa County, GA",-0.122497318659,-0.102551092652,4
"Chatham County, GA",0.00761441460452,-0.0378455300237,2
"Chattooga County, GA",0.134889213303,0.152308847351,5
"Cherokee County, GA",-0.293821346347,0.0563772698201,4
"Clarke County, GA",0.464022617024,0.0730756289137,0
"Clayton County, GA",0.154449680908,-0.0917499043848,5
"Cobb County, GA",-0.213573971801,0.107649084476,4
"Coffee County, GA",0.173909048333,0.0798241764917,5
"Colquitt County, GA",0.213559611522,0.119703247104,5
"Columbia County, GA",-0.309225678566,-0.0105542277666,4
"Cook County, GA",0.206213675481,0.123188990691,5
"Coweta County, GA",-0.215445352074,0.0559933148101,4
"Crisp County, GA",0.320376476137,-0.0161734209389,0
"Decatur County, GA",0.209156213822,-0.026922083258,5
"DeKalb County, GA",0.00765098856569,0.0919386267585,1
"Dodge County, GA",0.233667841373,0.0882984391969,5
"Dougherty County, GA",0.264324631264,-0.129820478044,5
"Douglas County, GA",-0.112593248959,-0.00402834788265,1
"Early County, GA",0.232845548948,0.0429082709905,5
"Effingham County, GA",-0.199666555593,0.00619594169204,4
"Elbert County, GA",0.2267060469,0.185331562654,0
"Emanuel County, GA",0.271733519973,0.0472806368895,0
"Fannin County, GA",0.0666156505796,0.0632839092075,5
"Fayette County, GA",-0.354651552532,0.106789124213,3
"Floyd County, GA",0.0848767751906,-0.0209407883201,5
"Forsyth County, GA",-0.471940274384,0.188226724575,3
"Franklin County, GA",0.142981832461,0.118474102302,5
"Fulton County, GA",-0.0437525870237,0.172971206294,1
"Gilmer County, GA",0.0238085250805,0.076892441119,1
"Glynn County, GA",0.00817415135506,-0.0662236125709,2
"Gordon County, GA",0.0536739840337,0.0592661962735,5
"Grady County, GA",0.277601209537,0.0561554709382,0
"Gwinnett County, GA",-0.146496357819,0.0408693304507,1
"Habersham County, GA",0.0189025247658,0.058134981335,1
"Hall County, GA",-0.0392861753694,0.0707866860138,1
"Hancock County, GA",0.421435686175,0.128069407057,0
"Haralson County, GA",0.0785656169163,0.050343994804,5
"Hart County, GA",0.062172299421,-0.0128451690729,5
"Henry County, GA",-0.222934166495,-0.0214224040227,4
"Houston County, GA",-0.110766647428,-0.148492526883,2
"Jackson County, GA",-0.129210671666,0.0279167123259,1
"Jeff Davis County, GA",0.126775589097,-0.0210313191915,5
"Jefferson County, GA",0.314242436774,0.144211080566,0
"Jones County, GA",-0.0897937071813,0.00578844671637,1
"Lamar County, GA",0.106847026048,-0.0278635622231,5
"Laurens County, GA",0.246827068947,0.138751979677,0
"Liberty County, GA",0.0508906777181,-0.285308564224,2
"Lowndes County, GA",0.199269477642,-0.0991904234382,5
"Lumpkin County, GA",-0.0250614317663,0.0279855695283,1
"McDuffie County, GA",0.283857603992,0.0922180952422,0
"McIntosh County, GA",0.128076843054,-0.106404090477,5
"Madison County, GA",0.0162563488218,0.0656019185487,1
"Meriwether County, GA",0.17090921692,0.0707855608542,5
"Mitchell County, GA",0.255292598435,0.117499784233,0
"Monroe County, GA",-0.0613104490866,0.123712596239,1
"Murray County, GA",0.0799553683255,0.14760902404,5
"Muscogee County, GA",0.115182756275,-0.15274206424,2
"Newton County, GA",-0.0609915634108,-0.0604005129226,2
"Paulding County, GA",-0.228902033016,0.0214281805131,4
"Peach County, GA",0.0976281494917,-0.139749959735,2
"Pickens County, GA",-0.124382983429,0.0707960323233,1
"Pike County, GA",-0.15348843819,-0.0343256894087,4
"Polk County, GA",0.135108423608,0.106943821406,5
"Richmond County, GA",0.164397930434,-0.083979038551,5
"Rockdale County, GA",-0.0305470023699,0.00722374906758,1
"Screven County, GA",0.249927235436,0.0575174799433,0
"Seminole County, GA",0.235978309715,0.00601318982304,5
"Spalding County, GA",0.147702174203,0.0463688223364,5
"Stephens County, GA",0.131551889026,0.0672988453635,5
"Sumter County, GA",0.336726534356,0.0335911671131,0
"Tattnall County, GA",0.215566960479,0.0832602591097,5
"Telfair County, GA",0.430512857976,0.306263930997,0
"Thomas County, GA",0.121584082801,-0.0194037192884,5
"Tift County, GA",0.196830878457,-0.0259606890583,5
"Toombs County, GA",0.241139548151,0.0834584839999,0
"Troup County, GA",0.0685368368637,-0.0220085491538,5
"Union County, GA",-0.0491382058031,-0.0885069194435,2
"Upson County, GA",0.149800633033,-0.0238367904499,5
"Walker County, GA",0.0635299135802,0.0157627280531,5
"Walton County, GA",-0.148642452206,-0.0345865228064,4
"Ware County, GA",0.253473758555,0.00131923761194,0
"Washington County, GA",0.216980075087,0.10912753305,5
"Wayne County, GA",0.0978378559621,0.042094836823,5
"White County, GA",-0.0456816916452,-0.10960562449,2
"Whitfield County, GA",0.0100673066074,0.0892846824468,1
"Worth County, GA",0.13220901952,0.104952351645,5
"Hawaii County, HI",-0.0585800185891,-0.0638067830203,2
"Honolulu County/city, HI",-0.326745341685,0.016761175661,4
"Maui County, HI",-0.280748438851,-0.0633269400472,4
"Ada County, ID",-0.196817403465,-0.130039541301,4
"Bingham County, ID",-0.135968837156,-0.215435259597,2
"Bonner County, ID",-0.0516612326523,-0.247780685254,2
"Bonneville County, ID",-0.163447711572,-0.156291401827,4
"Canyon County, ID",-0.022042739006,-0.108498891311,2
"Kootenai County, ID",-0.102633330443,-0.274900901566,2
"Latah County, ID",0.0154756350124,-0.0222128198354,2
"Twin Falls County, ID",-0.109003045829,-0.240016803946,2
"Adams County, IL",-0.0890943804729,-0.114574990502,2
"Alexander County, IL",0.246235351136,-0.159060706566,5
"Champaign County, IL",0.0428289496826,0.0358050720688,5
"Cook County, IL",-0.0141636981234,0.114218884299,1
"DeKalb County, IL",-0.0990515196026,-0.141640871252,2
"DuPage County, IL",-0.346171791018,0.15944486396,3
"Jackson County, IL",0.146631668953,-0.0836152898139,5
"Jefferson County, IL",-0.0318982017835,-0.193378487132,2
"Kane County, IL",-0.217030882756,0.103309105081,4
"Kankakee County, IL",-0.0765877985848,-0.123469753549,2
"Kendall County, IL",-0.468063197395,-0.0115894331601,3
"Knox County, IL",0.00425130512421,-0.0993816180786,2
"Lake County, IL",-0.306329857749,0.201353475196,3
"Livingston County, IL",-0.134080273593,-0.0417444323804,4
"McHenry County, IL",-0.35528651863,-0.0148077510557,4
"McLean County, IL",-0.179478355625,0.149878755909,1
"Macon County, IL",0.0217237385675,-0.055559395525,2
"Madison County, IL",-0.108394382784,-0.111944133495,2
"Ogle County, IL",-0.181564668673,-0.10679469801,4
"Peoria County, IL",-0.0531102034164,-0.0627791353772,2
"Rock Island County, IL",-0.086286186711,-0.116225071726,2
"St. Clair County, IL",-0.0477622861214,-0.166236275084,2
"Sangamon County, IL",-0.0911952361037,-0.00625123355676,1
"Stephenson County, IL",-0.0893384896761,-0.195619215588,2
"Tazewell County, IL",-0.212032957805,-0.101813285459,4
"Vermilion County, IL",0.042685856659,-0.0871717838673,2
"Will County, IL",-0.298723521385,0.0487318701497,4
"Williamson County, IL",-0.0616973828046,-0.224369937251,2
"Winnebago County, IL",-0.0395504660748,-0.0640420001691,2
"Allen County, IN",-0.0689502455871,-0.0816086547821,2
"Bartholomew County, IN",-0.135451251966,0.0934766948785,1
"Clark County, IN",-0.166241069478,-0.0784566213331,4
"Dearborn County, IN",-0.246697258057,-0.00236067295505,4
"Delaware County, IN",0.136810097313,-0.0366184403742,5
"Elkhart County, IN",-0.0568452793674,0.0979116349368,1
"Floyd County, IN",-0.175736119848,-0.0173899497801,4
"Franklin County, IN",-0.13143592885,0.125368292409,1
"Gibson County, IN",-0.184690191155,-0.106002618821,4
"Grant County, IN",0.0558026028923,0.0241978062673,5
"Greene County, IN",-0.0354991547359,-0.033330569723,2
"Hamilton County, IN",-0.458934599458,0.245902057209,3
"Hancock County, IN",-0.341334063732,-0.0117173296139,4
"Hendricks County, IN",-0.368319295695,0.022019892239,3
"Henry County, IN",-0.0360172366437,0.0484763296475,1
"Howard County, IN",-0.0218934318002,-0.0872601889949,2
"Jackson County, IN",-0.0615058143416,0.123484285799,1
"Jennings County, IN",-0.0531868801011,0.0832065828306,1
"Johnson County, IN",-0.286529642924,0.0495775099349,4
"Knox County, IN",0.00833851945607,-0.15149791439,2
"Kosciusko County, IN",-0.154224843978,0.0808922398883,1
"Lake County, IN",-0.00673573713317,-0.0465970668561,2
"LaPorte County, IN",-0.0148775449223,-0.0225503397395,1
"Lawrence County, IN",-0.0452342398906,-0.0324147707249,2
"Madison County, IN",0.0090211360043,-0.0385492671827,2
"Marion County, IN",0.117323072099,0.00677810359235,5
"Marshall County, IN",-0.113766985968,0.0996213280063,1
"Monroe County, IN",0.140751241205,0.0951829348454,5
"Morgan County, IN",-0.177147538772,-0.0102979940532,4
"Orange County, IN",0.0353927715545,0.090084439345,1
"Owen County, IN",0.00745480191196,-0.0037674466984,1
"Porter County, IN",-0.196478600203,0.022089381268,4
"Putnam County, IN",-0.113286900611,0.00453834084668,1
"St. Joseph County, IN",0.00820753815656,0.00878638783946,1
"Scott County, IN",-0.00938207296354,0.0189323507089,1
"Starke County, IN",-0.0426460935964,0.0285718504834,1
"Tippecanoe County, IN",0.00788570280209,0.0264766524736,1
"Vanderburgh County, IN",0.00688322087823,-0.0580698904066,2
"Vigo County, IN",0.102167903454,-0.0727227479014,5
"Warrick County, IN",-0.296962508539,-0.019541984494,4
"Wayne County, IN",0.0536344473801,0.01828416105,5
"Black Hawk County, IA",-0.0760186943101,-0.0250119000172,1
"Des Moines County, IA",-0.101585596151,-0.15322837089,2
"Linn County, IA",-0.205280671171,-0.13036644775,4
"Muscatine County, IA",-0.164189895602,-0.0566590861996,4
"Polk County, IA",-0.179540604868,0.00241080944345,4
"Pottawattamie County, IA",-0.138600251229,-0.10179160729,4
"Scott County, IA",-0.159471701712,-0.042012348628,4
"Woodbury County, IA",-0.100026714705,-0.00976981556307,1
"Barton County, KS",-0.119778575282,-0.138443680083,2
"Butler County, KS",-0.249573414381,-0.181909727994,4
"Crawford County, KS",0.0535929603443,-0.121110359316,2
"Douglas County, KS",0.00889520038559,0.0998962533916,1
"Finney County, KS",-0.115362583137,-0.00604138946122,1
"Ford County, KS",-0.0944586641701,0.0294949714175,1
"Geary County, KS",-0.131667342679,-0.326701493323,2
"Johnson County, KS",-0.405261428378,0.135680199074,3
"Leavenworth County, KS",-0.208498709971,-0.0146256432392,4
"Lyon County, KS",0.0364659764011,-0.00804990546937,5
"Montgomery County, KS",0.0233909400072,-0.271068968069,2
"Riley County, KS",0.0622886371603,-0.0893819118251,2
"Saline County, KS",-0.0809075213268,-0.0870178984683,2
"Sedgwick County, KS",-0.0598833534182,-0.0749802311584,2
"Shawnee County, KS",-0.0849850477267,-0.0247639670418,1
"Wyandotte County, KS",0.126066844465,-0.0313791686162,5
"Adair County, KY",0.276175515896,0.116547904844,0
"Barren County, KY",0.0890533315856,0.111262754878,5
"Bell County, KY",0.626441660732,0.132196778597,0
"Boone County, KY",-0.301217053124,-0.0344870667754,4
"Boyd County, KY",0.0592573357685,-0.153936932362,2
"Boyle County, KY",0.0388080538097,0.0158245967081,5
"Breathitt County, KY",0.405118806559,0.0883372373922,0
"Bullitt County, KY",-0.182867566488,-0.0228680013448,4
"Butler County, KY",0.142804105651,0.132546977288,5
"Calloway County, KY",0.0892451769471,0.00657062057463,5
"Campbell County, KY",-0.0803896368889,0.0163397048405,1
"Carter County, KY",0.155984977699,0.0615039569846,5
"Casey County, KY",0.199268940371,0.0943015464377,5
"Christian County, KY",0.069055920276,-0.189672378367,2
"Clark County, KY",-0.0804565895336,0.0503620705194,1
"Clay County, KY",0.673538289256,0.220466636256,0
"Daviess County, KY",-0.0581846773761,-0.00908171364029,1
"Estill County, KY",0.291857590392,0.24154197118,0
"Fayette County, KY",0.00484613027217,0.0433125099529,1
"Floyd County, KY",0.328692204335,-0.0107488652356,0
"Franklin County, KY",-0.0895016803255,0.0444143557354,1
"Grant County, KY",0.00983419806766,0.0960966218113,1
"Graves County, KY",0.0294801936447,0.00131544365474,1
"Grayson County, KY",0.171982170175,0.0571045045897,5
"Greenup County, KY",0.018241029997,-0.0614865272147,2
"Hardin County, KY",-0.0736359647217,-0.105123786523,2
"Harlan County, KY",0.492600918602,0.053270107255,0
"Henderson County, KY",-0.0214877191087,-0.0857906943459,2
"Hopkins County, KY",0.025740255522,-0.0172295350554,1
"Jefferson County, KY",-0.0434751764929,-0.00447196119852,1
"Jessamine County, KY",-0.00333263871811,0.0566398647634,1
"Johnson County, KY",0.21445381199,-0.0289562443972,5
"Kenton County, KY",-0.115487498284,-0.0230809905175,4
"Knott County, KY",0.411490558707,0.0944373351205,0
"Knox County, KY",0.402524418186,0.208772785376,0
"Laurel County, KY",0.166019771279,0.0540271961209,5
"Leslie County, KY",0.433827048141,0.102441908539,0
"Letcher County, KY",0.419399249009,0.0347610309543,0
"McCracken County, KY",-0.0558732587459,-0.1066750954,2
"McCreary County, KY",0.507078668502,0.0381163757049,0
"Madison County, KY",0.017209508252,0.0353227496935,1
"Meade County, KY",-0.0986758785063,-0.050539791993,4
"Montgomery County, KY",0.121390150713,0.0612089964022,5
"Muhlenberg County, KY",0.103342590355,0.0847511219748,5
"Nelson County, KY",-0.109999166453,0.0227108186035,1
"Oldham County, KY",-0.416033375456,0.0884121279002,3
"Perry County, KY",0.308159095246,0.00994908971396,0
"Pike County, KY",0.26473848203,0.0957795743463,0
"Powell County, KY",0.244589502732,0.184390502678,0
"Pulaski County, KY",0.155262712505,0.0788854122036,5
"Rockcastle County, KY",0.193141342065,0.121303415464,5
"Russell County, KY",0.284300981631,0.0378759460067,0
"Scott County, KY",-0.182850286123,0.012168159062,4
"Shelby County, KY",-0.196149369762,0.00504155553262,4
"Taylor County, KY",0.182197202426,0.0436681969209,5
"Warren County, KY",0.017837719328,0.019249498481,1
"Whitley County, KY",0.309310632815,0.115051444095,0
"Woodford County, KY",-0.166276095364,0.0822643604042,1
"Acadia Parish, LA",0.171863629541,0.110760635316,5
"Ascension Parish, LA",-0.266871450682,0.117993168868,3
"Assumption Parish, LA",0.0339133385001,0.171312163876,1
"Avoyelles Parish, LA",0.254280756952,0.151417382959,0
"Beauregard Parish, LA",0.0585522898379,0.0793085730117,5
"Bienville Parish, LA",0.225250596384,-0.00994207859579,5
"Bossier Parish, LA",-0.107692218671,-0.0787853558862,2
"Caddo Parish, LA",0.142316922315,-0.0189803996952,5
"Calcasieu Parish, LA",0.0171627091303,-0.00275264286838,1
"Claiborne Parish, LA",0.306806874216,0.121406938012,0
"Concordia Parish, LA",0.317532222114,0.0959149982309,0
"De Soto Parish, LA",0.196719819102,0.0272612851331,5
"East Baton Rouge Parish, LA",0.0160459998799,0.0233738200001,1
"East Carroll Parish, LA",0.611950224321,0.117246325062,0
"East Feliciana Parish, LA",0.0930506642492,0.0667575958157,5
"Evangeline Parish, LA",0.258828656241,0.135532577552,0
"Franklin Parish, LA",0.269059358942,0.137314704688,0
"Grant Parish, LA",0.102723025309,0.0283765391797,5
"Iberia Parish, LA",0.130854962105,0.161521513502,5
"Iberville Parish, LA",0.124244692156,0.0924878049762,5
"Jefferson Parish, LA",-0.00814036328862,0.0173465914288,1
"Jefferson Davis Parish, LA",0.0965951126054,0.128394393363,5
"Lafayette Parish, LA",-0.0134112553554,0.0542940342814,1
"Lafourche Parish, LA",-0.04442371911,0.252949297486,1
"Lincoln Parish, LA",0.221512978869,0.117254103586,5
"Livingston Parish, LA",-0.112190848883,0.121208614977,1
"Madison Parish, LA",0.444941848622,0.0489714337866,0
"Morehouse Parish, LA",0.405141571495,0.105332907874,0
"Natchitoches Parish, LA",0.301930609577,-0.0277523022702,0
"Orleans Parish, LA",0.199965374696,0.0364839059033,5
"Ouachita Parish, LA",0.178526331746,0.0167780807751,5
"Plaquemines Parish, LA",-0.000275295548507,0.0718723737687,1
"Pointe Coupee Parish, LA",0.0751837148979,0.0845868574127,5
"Rapides Parish, LA",0.125948301275,0.0135806009314,5
"Richland Parish, LA",0.237767525432,0.110641204558,0
"Sabine Parish, LA",0.0702805469597,0.0601753669917,5
"St. Bernard Parish, LA",0.0942272612222,0.0124180287618,5
"St. Charles Parish, LA",-0.180500082505,0.011473464182,4
"St. Helena Parish, LA",0.156305494842,0.098490321469,5
"St. James Parish, LA",0.0322644120345,0.110907676337,1
"St. John the Baptist Parish, LA",0.0470287504557,0.0211805900316,5
"St. Landry Parish, LA",0.326407412882,0.215638916907,0
"St. Martin Parish, LA",0.0646070558542,0.151061662124,1
"St. Mary Parish, LA",0.137402594712,0.195590032238,5
"St. Tammany Parish, LA",-0.173115297794,0.00275133250495,4
"Tangipahoa Parish, LA",0.176373430762,0.0414878927041,5
"Terrebonne Parish, LA",0.0997935185193,0.135080308485,5
"Union Parish, LA",0.140569512032,0.0316016266377,5
"Vermilion Parish, LA",0.0613826691071,0.156717630144,1
"Vernon Parish, LA",0.0367349267006,-0.089789077588,2
"Washington Parish, LA",0.258673171167,0.0900766870499,0
"Webster Parish, LA",0.274048060568,0.0481104587335,0
"West Baton Rouge Parish, LA",-0.0753938425489,0.103560111091,1
"Winn Parish, LA",0.210720748679,0.100374131606,5
"Androscoggin County, ME",-0.0710298624482,-0.038081600387,2
"Cumberland County, ME",-0.204750371922,0.0932458700133,4
"Kennebec County, ME",-0.103482307715,-0.025783839573,4
"Oxford County, ME",0.0315049838746,0.0361993798957,1
"Penobscot County, ME",0.00180782928524,-0.0587866469414,2
"Piscataquis County, ME",0.083618771382,-0.0633658962265,5
"Somerset County, ME",0.070383257573,-0.0677857598333,2
"York County, ME",-0.244571361901,0.0225671887623,4
"Anne Arundel County, MD",-0.441651209293,0.141184764809,3
"Baltimore County, MD",-0.229085221901,0.119601798162,3
"Calvert County, MD",-0.520584487547,0.0537424522658,3
"Carroll County, MD",-0.40351607354,0.123236924876,3
"Cecil County, MD",-0.231956589275,0.0879098204239,4
"Charles County, MD",-0.42839638269,0.0227271681025,3
"Dorchester County, MD",0.0558480791789,0.0636898891481,5
"Frederick County, MD",-0.373968280122,0.125057520272,3
"Harford County, MD",-0.341417853924,0.042541058817,3
"Howard County, MD",-0.544988876346,0.390781994944,3
"Montgomery County, MD",-0.422612831012,0.384304659622,3
"Prince George's County, MD",-0.283757267748,0.0966960034008,3
"St. Mary's County, MD",-0.361679420225,0.0900835095925,3
"Washington County, MD",-0.121719249796,0.0379572880559,1
"Wicomico County, MD",-0.0466194202904,0.057265045814,1
"Baltimore city, MD",0.179132943428,0.112538372715,5
"Barnstable County, MA",-0.24861267888,0.0310270886059,4
"Berkshire County, MA",-0.0445406466078,0.0571928703131,1
"Bristol County, MA",-0.107037811769,0.0974385536832,1
"Essex County, MA",-0.188948377318,0.147994631524,1
"Hampden County, MA",0.00979764249742,0.032827394815,1
"Middlesex County, MA",-0.363893244192,0.363515058534,3
"Norfolk County, MA",-0.404840853991,0.298803038254,3
"Plymouth County, MA",-0.273454068134,0.0826640459555,4
"Suffolk County, MA",0.0460712142558,0.278431338552,1
"Worcester County, MA",-0.161365096697,0.118133286304,1
"Allegan County, MI",-0.159543534892,0.00847291689335,4
"Bay County, MI",-0.0545394027911,-0.154258203749,2
"Berrien County, MI",-0.00826918680696,-0.0695381687363,2
"Calhoun County, MI",-0.0208217398745,-0.132928520048,2
"Cass County, MI",-0.0898945426203,-0.134186955555,2
"Eaton County, MI",-0.212320695512,-0.219253971538,4
"Genesee County, MI",0.0579229349875,-0.207378258121,2
"Hillsdale County, MI",-0.014077872148,-0.0435465055301,2
"Ingham County, MI",0.0463253461865,-0.0927429317276,2
"Ionia County, MI",-0.111451344126,-0.135495385466,2
"Jackson County, MI",-0.0597606123432,-0.134084728867,2
"Kalamazoo County, MI",-0.0785690146106,-0.129232256475,2
"Kent County, MI",-0.0940712669756,-0.0169921551607,1
"Lapeer County, MI",-0.180644965482,-0.144267287801,4
"Lenawee County, MI",-0.0732172654741,-0.10655035563,2
"Livingston County, MI",-0.382960150764,-0.0839949279343,4
"Macomb County, MI",-0.136732196689,-0.121424103491,4
"Marquette County, MI",-0.0392743997235,-0.0803557081309,2
"Monroe County, MI",-0.192209658256,-0.125503189088,4
"Montcalm County, MI",0.0190529317251,-0.162561539204,2
"Muskegon County, MI",-0.0368973682797,-0.16429571119,2
"Newaygo County, MI",-0.00876330834309,-0.0475948313134,2
"Oakland County, MI",-0.249830874614,0.0742816884405,4
"Ottawa County, MI",-0.2424991526,-0.00751514041684,4
"Saginaw County, MI",0.0400675890597,-0.119622855033,2
"St. Clair County, MI",-0.102660698229,-0.179787380434,2
"Van Buren County, MI",-0.0307604488818,-0.0865864345308,2
"Washtenaw County, MI",-0.128743573218,0.120515896533,1
"Wayne County, MI",0.19142373758,-0.101052715579,5
"Anoka County, MN",-0.36859875891,-0.122405052533,4
"Beltrami County, MN",-0.0707148778838,-0.216734458822,2
"Cass County, MN",-0.0526628113458,-0.159470572199,2
"Crow Wing County, MN",-0.174471946572,-0.216827858673,4
"Dakota County, MN",-0.37625211852,-0.00637058097229,4
"Hennepin County, MN",-0.231385632434,0.0967897079933,4
"Olmsted County, MN",-0.308045598157,-0.000436012841438,4
"Ramsey County, MN",-0.0933088023033,0.0673564171495,1
"St. Louis County, MN",-0.108516129174,-0.175722734765,2
"Scott County, MN",-0.510793114546,0.028365662769,3
"Stearns County, MN",-0.150991556156,-0.134043527675,4
"Washington County, MN",-0.476983423634,0.0344796835083,3
"Wright County, MN",-0.426469283743,-0.130582444559,4
"Adams County, MS",0.297477176795,0.0104488439178,0
"Alcorn County, MS",0.0569948316924,0.00683572994212,5
"Amite County, MS",0.153843660036,0.052492420441,5
"Attala County, MS",0.166781464971,-0.073361050186,5
"Bolivar County, MS",0.423292111965,-0.0107423734463,0
"Calhoun County, MS",0.167107575016,0.00522372952542,5
"Chickasaw County, MS",0.276711411683,0.0808111414341,0
"Claiborne County, MS",0.60236168681,-0.163207520958,0
"Clay County, MS",0.279598431166,-0.0129398329505,0
"Coahoma County, MS",0.41363143724,-0.134700139982,0
"Copiah County, MS",0.185801433441,-0.151205743857,5
"Covington County, MS",0.134901896092,0.0397892666912,5
"DeSoto County, MS",-0.231087836735,-0.139435764885,4
"Forrest County, MS",0.229885447498,-0.0532107913128,5
"George County, MS",0.0155336489838,0.0529312845034,1
"Greene County, MS",0.102362844649,-0.0188224465923,5
"Grenada County, MS",0.106884353672,-0.0800004875885,5
"Hancock County, MS",0.0426561270857,-0.124736728883,2
"Harrison County, MS",0.0890124443603,-0.167183847467,2
"Hinds County, MS",0.199351793679,-0.128955595826,5
"Holmes County, MS",0.641447135551,0.0817350201362,0
"Humphreys County, MS",0.569978563603,0.0654809944015,0
"Itawamba County, MS",0.0283021275927,-0.158163238368,2
"Jackson County, MS",-0.0206577445807,-0.171592566032,2
"Jasper County, MS",0.168502603415,-0.033599993647,5
"Jefferson County, MS",0.58165491158,0.0628231391088,0
"Jefferson Davis County, MS",0.344762797326,0.00960548631111,0
"Jones County, MS",0.143704376267,-0.122104025039,5
"Kemper County, MS",0.33055222233,-0.179401842963,0
"Lafayette County, MS",0.0707359824688,-0.0272511690741,5
"Lamar County, MS",-0.069748509178,-0.0343212897395,1
"Lauderdale County, MS",0.0908153859317,-0.196567566938,2
"Lawrence County, MS",0.0913975779178,-0.0858240585898,2
"Leake County, MS",0.163750723724,-0.0132023051647,5
"Lee County, MS",0.00316375148573,-0.141020127573,2
"Leflore County, MS",0.579696993987,0.0325929420195,0
"Lincoln County, MS",0.0523333324048,-0.121262409521,2
"Lowndes County, MS",0.125125380474,-0.0922128215138,5
"Madison County, MS",-0.196321809857,0.0913118588316,4
"Marion County, MS",0.188921478563,0.0154945338548,5
"Marshall County, MS",0.163010236698,0.044096102466,5
"Monroe County, MS",0.122328824235,-0.0102237647767,5
"Montgomery County, MS",0.231848536055,0.0602060457523,5
"Neshoba County, MS",0.162657561313,-0.0866207325272,5
"Newton County, MS",0.104179335501,-0.212544520901,2
"Noxubee County, MS",0.435163466011,0.0965009535834,0
"Oktibbeha County, MS",0.222287015781,0.102525350331,5
"Panola County, MS",0.201034403357,-0.0271557161554,5
"Pearl River County, MS",0.0376011900447,-0.195405026536,2
"Perry County, MS",0.104165685761,-0.10310945524,2
"Pike County, MS",0.302551362332,-0.0591863096746,0
"Prentiss County, MS",0.0671760048789,-0.0480477074959,5
"Quitman County, MS",0.481717211712,0.027092751073,0
"Rankin County, MS",-0.226475880432,-0.0782728164629,4
"Scott County, MS",0.138287007525,0.0667481049312,5
"Simpson County, MS",0.159549282358,0.00394911962696,5
"Smith County, MS",0.0717774979855,0.0577633970568,5
"Stone County, MS",0.0510449063231,-0.17644641485,2
"Sunflower County, MS",0.478106282539,-0.0548646787366,0
"Tallahatchie County, MS",0.357241362367,0.091925126343,0
"Tate County, MS",0.0387849335106,-0.117673264263,2
"Tippah County, MS",0.055497771628,-0.0456678614706,2
"Tunica County, MS",0.286759431713,-0.0263002683676,0
"Union County, MS",0.0156921640058,-0.0069995295641,1
"Walthall County, MS",0.272636732286,0.0261039326227,0
"Warren County, MS",0.100653952692,-0.0787094473452,5
"Washington County, MS",0.476721467499,-0.0307488335084,0
"Wayne County, MS",0.200650547496,0.0324718013001,5
"Wilkinson County, MS",0.44090427048,0.16511991388,0
"Winston County, MS",0.230982331528,-0.0492057273304,5
"Yalobusha County, MS",0.146921612093,0.0129050292704,5
"Yazoo County, MS",0.343032725081,0.0367709138869,0
"Barry County, MO",0.110947872421,0.051698333432,5
"Benton County, MO",0.10522068598,-0.0192231308113,5
"Boone County, MO",-0.00726235088682,0.0948297708625,1
"Buchanan County, MO",-0.0237118668189,-0.0394872697965,2
"Butler County, MO",0.165678689306,-0.0519126874351,5
"Callaway County, MO",-0.0724967068625,0.0687510460491,1
"Cape Girardeau County, MO",-0.0340115591811,0.0297695847018,1
"Cass County, MO",-0.240354797306,-0.0428029981071,4
"Christian County, MO",-0.182299654907,-0.0874233736193,4
"Clay County, MO",-0.272593740952,-0.0213432874372,4
"Cole County, MO",-0.154166453324,0.0428293119064,4
"Dent County, MO",0.136334717636,0.066306699888,5
"Dunklin County, MO",0.308893596918,0.119509625282,0
"Franklin County, MO",-0.129213524936,-0.0982878917436,4
"Greene County, MO",0.00411155748805,-0.103201072284,2
"Howell County, MO",0.101267609635,-0.0541266661626,5
"Jackson County, MO",0.0156029343478,-0.0469989616045,2
"Jasper County, MO",-0.0153144838751,0.00599286784122,1
"Jefferson County, MO",-0.208067750239,-0.1294128125,4
"Johnson County, MO",-0.0188681868901,-0.120014623781,2
"Laclede County, MO",0.0500965893547,0.000339092932773,5
"Lincoln County, MO",-0.133363478691,0.0498927137349,1
"McDonald County, MO",0.0608158737735,-0.0660522848557,2
"Mississippi County, MO",0.226200384673,0.152936065522,0
"New Madrid County, MO",0.191892644795,0.118114812937,5
"Newton County, MO",-0.0741296502157,-0.115072387643,2
"Pemiscot County, MO",0.314155522689,0.0732774505525,0
"Pettis County, MO",-0.0321752017491,-0.1083657726,2
"Phelps County, MO",0.0753161098175,0.060205387595,5
"Platte County, MO",-0.329539910338,-0.00736677582955,4
"Polk County, MO",0.0235200488091,-0.0167912110783,1
"Pulaski County, MO",-0.0396657562574,-0.128664867907,2
"St. Charles County, MO",-0.361099827153,-0.00498886766117,4
"St. Francois County, MO",0.0272570363576,-0.103594038731,2
"St. Louis County, MO",-0.187602571812,0.0426864579918,4
"Scott County, MO",0.0579336827464,0.0577234459424,5
"Taney County, MO",0.0432474815196,-0.114579853673,2
"Texas County, MO",0.179929314858,0.0495959462117,5
"Washington County, MO",0.117019779196,0.0541296204515,5
"St. Louis city, MO",0.211951201159,-0.0133571470919,5
"Cascade County, MT",-0.075249488778,-0.120891015107,2
"Flathead County, MT",-0.0817049039873,-0.146504722844,2
"Gallatin County, MT",-0.180587876886,0.046740683326,4
"Lake County, MT",0.0578076768838,-0.164072696969,2
"Lewis and Clark County, MT",-0.179631840241,-0.0584882420586,4
"Missoula County, MT",-0.0336421445008,-0.0685201814611,2
"Yellowstone County, MT",-0.211226574125,-0.0582004622441,4
"Douglas County, NE",-0.123078777586,-0.00202118366324,4
"Hall County, NE",-0.107269491074,-0.0565132320132,4
"Lancaster County, NE",-0.147679537745,-0.100097124563,4
"Sarpy County, NE",-0.400917148302,-0.093869912232,4
"Clark County, NV",-0.0254928074404,-0.0865367041219,2
"Elko County, NV",-0.343225496299,-0.152875372372,4
"Humboldt County, NV",-0.266576299282,-0.0311137751483,4
"Lyon County, NV",-0.0747348564738,-0.21374027793,2
"Nye County, NV",0.0312316339225,-0.183011842208,2
"Washoe County, NV",-0.104800368237,-0.0946669823361,2
"Carson City, NV",-0.0286036139315,-0.207832275405,2
"Coos County, NH",0.00538501916965,-0.0430693454686,2
"Grafton County, NH",-0.170698367509,0.130820837694,1
"Hillsborough County, NH",-0.311690113983,0.100346523642,3
"Merrimack County, NH",-0.296867407211,0.0402754220192,4
"Rockingham County, NH",-0.446496879447,0.113566530932,3
"Strafford County, NH",-0.205820049049,0.0278329746691,4
"Atlantic County, NJ",-0.00226186274586,0.0788260949803,1
"Bergen County, NJ",-0.360471353178,0.331824809148,3
"Burlington County, NJ",-0.293139783738,0.12160773932,3
"Camden County, NJ",-0.121925141452,0.113646765477,1
"Cape May County, NJ",-0.0589924761115,0.113615470868,1
"Cumberland County, NJ",0.0576298338123,0.148115140674,1
"Essex County, NJ",0.0393238868534,0.172006000871,1
"Gloucester County, NJ",-0.305313835909,0.110837359723,3
"Hudson County, NJ",-0.00275229269068,0.280342748972,1
"Mercer County, NJ",-0.204121382084,0.243211451446,3
"Middlesex County, NJ",-0.274587186049,0.279892758307,3
"Monmouth County, NJ",-0.359335595573,0.221432980988,3
"Morris County, NJ",-0.480098678318,0.368974928655,3
"Ocean County, NJ",-0.165367747115,0.0878555545659,1
"Passaic County, NJ",0.0305164328185,0.215336030757,1
"Salem County, NJ",-0.151993851819,0.0876597967635,1
"Somerset County, NJ",-0.45449036234,0.374433191536,3
"Sussex County, NJ",-0.398518347328,0.104425717538,3
"Union County, NJ",-0.192800148518,0.210807266624,3
"Warren County, NJ",-0.275051902509,0.144202487539,3
"Bernalillo County, NM",0.043241235427,-0.0569874171398,2
"Chaves County, NM",0.0869654528778,-0.115880142362,2
"Cibola County, NM",0.241306369444,-0.132238267419,5
"Colfax County, NM",0.0628334427459,-0.126460580063,2
"Curry County, NM",0.055119430605,-0.191348540336,2
"Dona Ana County, NM",0.219534635154,-0.0087137369649,5
"Eddy County, NM",-0.186000154527,-0.0156933204007,4
"Grant County, NM",0.0774150621632,-0.0789914553369,2
"Lea County, NM",-0.0826735514136,0.0471217917044,1
"Lincoln County, NM",0.0165381183559,-0.117558072013,2
"Luna County, NM",0.488924415419,0.0346811814229,0
"McKinley County, NM",0.438705153916,-0.0658964446392,0
"Otero County, NM",0.105613209746,-0.222298408839,2
"Quay County, NM",0.181756451832,-0.0570654423951,5
"Rio Arriba County, NM",0.176535622664,-0.125345855159,5
"Sandoval County, NM",-0.204211502207,-0.129369677912,4
"San Juan County, NM",0.00663331047665,-0.138904816435,2
"San Miguel County, NM",0.250226939958,-0.14466028409,5
"Santa Fe County, NM",-0.0911862317062,0.102277838203,1
"Sierra County, NM",0.280290078421,-0.117699278805,0
"Socorro County, NM",0.173971703504,0.0466035043976,5
"Taos County, NM",0.110915139662,-0.133439604337,2
"Valencia County, NM",0.0729471269547,-0.106550290652,2
"Albany County, NY",-0.129381526615,0.0687428830052,1
"Bronx County, NY",0.370174365562,0.0805749125628,0
"Broome County, NY",0.03073542983,-0.0325337057337,2
"Cattaraugus County, NY",0.0756322498452,-0.0131183303166,5
"Chautauqua County, NY",0.0186682175162,-0.0718831026995,2
"Chemung County, NY",-0.0616312884251,-0.0217751489702,1
"Clinton County, NY",0.0167187584118,0.0228180703883,1
"Dutchess County, NY",-0.259176267389,0.0572656635928,4
"Erie County, NY",-0.039132084423,-0.0180747184362,1
"Herkimer County, NY",-0.0952730182283,-0.0797952972098,2
"Jefferson County, NY",-0.078806155114,-0.140023931509,2
"Kings County, NY",0.139476876089,0.230897777674,5
"Livingston County, NY",-0.116425221685,-0.0307390735288,4
"Monroe County, NY",-0.0615094662007,0.0254311414595,1
"Montgomery County, NY",0.0420601730365,-0.0647993441278,2
"Nassau County, NY",-0.483142812039,0.282867711373,3
"New York County, NY",-0.0725850908871,0.448128150619,1
"Niagara County, NY",-0.0234265054327,-0.0677023499713,2
"Oneida County, NY",0.0167053703612,-0.0488344855536,2
"Onondaga County, NY",-0.0927143669365,0.00806743725952,1
"Ontario County, NY",-0.204416286362,-0.0399516003242,4
"Orange County, NY",-0.23436975246,0.0302741241547,4
"Orleans County, NY",-0.0506790939021,-0.0193069333908,1
"Oswego County, NY",0.0179158049536,0.0125540176272,1
"Queens County, NY",-0.0794142309368,0.198707054064,1
"Rensselaer County, NY",-0.184675551363,-0.0617300776425,4
"Richmond County, NY",-0.15808042031,0.144594734297,1
"Rockland County, NY",-0.255710556283,0.226627477751,3
"St. Lawrence County, NY",0.0739072409246,-0.0196258519199,5
"Schenectady County, NY",-0.168788060872,0.0168687151581,4
"Suffolk County, NY",-0.375912618067,0.173916583421,3
"Sullivan County, NY",-0.00695336532149,-0.00851559604413,1
"Tompkins County, NY",0.00870250827342,0.162492774629,1
"Ulster County, NY",-0.119808793705,0.0272287196685,1
"Westchester County, NY",-0.30030952319,0.320385326212,3
"Alamance County, NC",0.0529909752112,-0.111293025322,2
"Alexander County, NC",0.00942427341799,0.0139393897524,1
"Anson County, NC",0.189112662434,0.0019766214358,5
"Ashe County, NC",0.103615294572,-0.099960858359,2
"Beaufort County, NC",0.0500488472851,-0.106405393914,2
"Bertie County, NC",0.218136453441,0.0637494751615,5
"Bladen County, NC",0.21814414864,-0.117101295906,5
"Brunswick County, NC",-0.0404102422912,-0.0946140241483,2
"Buncombe County, NC",-0.0192336111422,0.00151043408219,1
"Burke County, NC",0.0108425565741,-0.084133924359,2
"Cabarrus County, NC",-0.180242832149,-0.0671154024013,4
"Caldwell County, NC",0.0310122290025,-0.0719247162737,2
"Carteret County, NC",-0.104307845716,-0.169853006872,2
"Caswell County, NC",0.0794422217201,-0.0167597471818,5
"Catawba County, NC",0.00269923478793,-0.04532708392,2
"Chatham County, NC",-0.149891767285,0.105680106727,1
"Cherokee County, NC",0.0552735180186,-0.0685486312942,2
"Chowan County, NC",0.0774663166972,-0.00641464538683,5
"Cleveland County, NC",0.0803406364802,-0.0831705081565,2
"Columbus County, NC",0.159592582731,-0.201255234204,2
"Craven County, NC",-0.0757997551713,-0.193075409783,2
"Cumberland County, NC",0.0376876853695,-0.30197550271,2
"Dare County, NC",-0.165982801081,-0.207306306356,4
"Davidson County, NC",-0.043298976944,-0.0179087034909,1
"Davie County, NC",-0.11429372767,0.0243954407687,1
"Duplin County, NC",0.166161171366,-0.0783285224463,5
"Durham County, NC",-0.0101741765226,0.141123652422,1
"Edgecombe County, NC",0.294060514578,-0.079060552534,0
"Forsyth County, NC",0.0376984716402,0.0131542149377,5
"Franklin County, NC",-0.0346818280815,-0.0706241747471,2
"Gaston County, NC",0.0134975143706,-0.117378366303,2
"Gates County, NC",-0.0432470784575,-0.113958130809,2
"Graham County, NC",0.207313900465,-0.0379781884106,5
"Granville County, NC",-0.0599407190135,-0.0715054200418,2
"Greene County, NC",0.150856432139,-0.137748307595,2
"Guilford County, NC",-0.00599426454727,-0.00315215706492,1
"Halifax County, NC",0.299173668482,-0.0194424562781,0
"Harnett County, NC",-0.00362342700532,-0.147774449355,2
"Haywood County, NC",-0.00370011132474,-0.137022498625,2
"Henderson County, NC",-0.0875069036708,-0.0918081035878,2
"Hertford County, NC",0.202237187482,-0.129774856308,5
"Hoke County, NC",0.0532867646912,-0.236424999632,2
"Iredell County, NC",-0.102950755477,-0.0754126823481,2
"Jackson County, NC",0.0814502145499,-0.0625463359384,5
"Johnston County, NC",-0.120817520553,-0.0863038959475,4
"Jones County, NC",0.0517316689491,-0.229290057014,2
"Lee County, NC",0.0113685882985,-0.122055702816,2
"Lenoir County, NC",0.12803033212,-0.170675346045,2
"Lincoln County, NC",-0.0863951370969,-0.0674943612447,2
"McDowell County, NC",0.0686181298011,-0.0755529692021,2
"Macon County, NC",0.00294663737543,-0.150137562408,2
"Martin County, NC",0.143229725572,-0.0848040948105,5
"Mecklenburg County, NC",-0.0748213060872,0.057311852006,1
"Montgomery County, NC",0.0699631857315,-0.0518920778338,5
"Moore County, NC",-0.0960528006865,-0.0257944091946,1
"Nash County, NC",0.0544157978503,-0.0526965683043,2
"New Hanover County, NC",-0.0346959361059,-0.0733582345832,2
"Northampton County, NC",0.239513511121,-0.0382686891327,5
"Onslow County, NC",-0.0788944877772,-0.335468631288,2
"Orange County, NC",-0.0895793270339,0.275614088997,1
"Pasquotank County, NC",0.0404028024413,-0.145807980578,2
"Pender County, NC",-0.0626689206176,-0.0942020565094,2
"Person County, NC",0.000390394091034,-0.0968417995746,2
"Pitt County, NC",0.170885861771,-0.119149000689,5
"Randolph County, NC",0.0178610077559,-0.0328682723356,2
"Richmond County, NC",0.286145565441,-0.0969191882704,0
"Robeson County, NC",0.352237344618,-0.0391554680511,0
"Rockingham County, NC",0.0724520956136,-0.0426399449844,5
"Rowan County, NC",0.0128852027592,-0.0773175850669,2
"Rutherford County, NC",0.0920936295627,-0.124385870561,2
"Sampson County, NC",0.103460312938,-0.0274752658469,5
"Scotland County, NC",0.319066689853,-0.0340400110933,0
"Stanly County, NC",-0.0036875749768,-0.0785746797015,2
"Stokes County, NC",-0.00131305972458,-0.00467695559205,1
"Surry County, NC",0.0653202667112,-0.060579380884,2
"Swain County, NC",0.0507455070162,-0.131859747249,2
"Union County, NC",-0.271396701328,0.0381517869739,4
"Vance County, NC",0.237827794808,-0.00717246779566,5
"Wake County, NC",-0.21076898026,0.141751829181,3
"Warren County, NC",0.266362127329,-0.000185686880103,0
"Watauga County, NC",0.156218768636,-0.042257089121,5
"Wayne County, NC",0.0378096328776,-0.149743790649,2
"Wilkes County, NC",0.0557623049781,-0.0377339802515,5
"Wilson County, NC",0.132314449184,-0.00927288235651,5
"Yadkin County, NC",0.00366820564164,-0.0639618323009,2
"Grand Forks County, ND",-0.140305760409,-0.130770647679,4
"Adams County, OH",0.178480651872,0.103201874234,5
"Allen County, OH",-0.0634107459509,-0.0683753963236,2
"Ashtabula County, OH",0.0517962837991,0.0409069228543,5
"Athens County, OH",0.296613010257,-0.00898746177363,0
"Belmont County, OH",-0.0326515500884,-0.0456577075133,2
"Brown County, OH",-0.00499439730864,0.143460572681,1
"Butler County, OH",-0.100344733828,0.0833762890783,1
"Clark County, OH",-0.0535434711375,-0.0725264149422,2
"Clermont County, OH",-0.210069275177,0.0654483259834,4
"Columbiana County, OH",0.0104204305266,0.0538880086182,1
"Cuyahoga County, OH",0.0506814001137,-0.00393560283157,5
"Delaware County, OH",-0.498665929367,0.26293303833,3
"Fairfield County, OH",-0.232956590251,-0.00831232078011,4
"Franklin County, OH",-0.0240088302217,0.0665738795345,1
"Gallia County, OH",0.147170661378,0.102449753931,5
"Geauga County, OH",-0.336533436504,0.145241110734,3
"Greene County, OH",-0.160046280789,0.0357185159206,4
"Guernsey County, OH",0.0692110971489,0.00139723348847,5
"Hamilton County, OH",-0.0145063065604,0.0546253915798,1
"Jackson County, OH",0.124801509087,0.124484369221,5
"Jefferson County, OH",0.0434541369564,-0.092986152654,2
"Knox County, OH",-0.0510806428949,0.0964495328829,1
"Lake County, OH",-0.236816182276,-0.0147388732515,4
"Lawrence County, OH",0.110307441691,0.00550583964662,5
"Licking County, OH",-0.147085883478,0.0203638278028,4
"Lorain County, OH",-0.093723361416,-0.0749761042519,2
"Lucas County, OH",0.0623382770754,-0.103231876133,2
"Mahoning County, OH",0.0465280079602,-0.0108619727858,5
"Medina County, OH",-0.314058379782,0.0407620957215,4
"Montgomery County, OH",0.000799755051194,-0.135366992744,2
"Muskingum County, OH",0.0221414354462,0.00480982401015,1
"Perry County, OH",0.059201442705,0.0109774508452,5
"Pickaway County, OH",-0.143078139791,0.101982578574,1
"Portage County, OH",-0.0825704001531,0.0606630713003,1
"Preble County, OH",-0.0998319491741,-0.0122729462512,1
"Richland County, OH",-0.0242634681405,-0.0187403389971,1
"Ross County, OH",0.0194205543203,0.0483192093248,1
"Sandusky County, OH",-0.117249620316,-0.066795971008,4
"Scioto County, OH",0.181539116753,0.0110654687298,5
"Seneca County, OH",-0.07640711588,-0.0186564539761,1
"Shelby County, OH",-0.216633039947,0.0263673775287,4
"Stark County, OH",-0.0577289449135,-0.00641178853808,1
"Summit County, OH",-0.0499469084067,0.0366249610461,1
"Trumbull County, OH",0.0801473115831,0.0716247043348,5
"Tuscarawas County, OH",-0.0378614656507,0.123565244769,1
"Warren County, OH",-0.390508353012,0.161407027126,3
"Wayne County, OH",-0.108627415655,0.179361654643,1
"Wood County, OH",-0.163292151118,-0.0280535433001,4
"Adair County, OK",0.304644586958,0.120052878288,0
"Beckham County, OK",-0.0766767942362,0.113620839035,1
"Bryan County, OK",0.0299813355257,-0.0176431272727,5
"Caddo County, OK",0.0786635724953,0.0335074441153,5
"Canadian County, OK",-0.266644941564,-0.141370020909,4
"Carter County, OK",-0.0069248296532,0.0442602029749,1
"Cherokee County, OK",0.0841681049059,-0.0363505227249,5
"Choctaw County, OK",0.330164849221,0.00706693923961,0
"Cleveland County, OK",-0.204084015297,-0.0718223318143,4
"Coal County, OK",0.110124478902,0.078822060492,5
"Comanche County, OK",-0.0769244507204,-0.148661437826,2
"Creek County, OK",-0.0336031698569,-0.0259518319234,1
"Custer County, OK",0.0113435230467,0.12735213283,1
"Delaware County, OK",0.0796307727256,-0.0625892612577,5
"Garfield County, OK",-0.0777981229551,0.0106941472025,1
"Garvin County, OK",-0.0424631345148,0.0856351179266,1
"Grady County, OK",-0.125516879591,-0.0365165971768,4
"Hughes County, OK",0.0986349274078,-0.0269955711801,5
"Jackson County, OK",-0.0471801125383,-0.15700592332,2
"Kay County, OK",0.0247481947743,-0.128933844898,2
"Le Flore County, OK",0.107541255955,0.0120932950169,5
"Lincoln County, OK",-0.0631036884305,-0.0581394689847,2
"Logan County, OK",-0.160699469054,0.0186902945098,4
"McCurtain County, OK",0.266527931372,0.0352212712467,0
"McIntosh County, OK",0.143023308165,-0.0768363011391,5
"Mayes County, OK",-0.00676555757768,-0.0796980114955,2
"Muskogee County, OK",0.0892586505678,-0.05991359822,5
"Okfuskee County, OK",0.134390964738,-0.0614981005105,5
"Oklahoma County, OK",-0.0340058288776,-0.017756506361,1
"Okmulgee County, OK",0.106430893324,-0.158750252777,2
"Osage County, OK",-0.0100331935771,-0.0073192024477,1
"Ottawa County, OK",0.142211506735,-0.139773344741,2
"Pawnee County, OK",0.00157487586056,0.017634626721,1
"Payne County, OK",0.112906301611,0.0414686388433,5
"Pittsburg County, OK",0.000173388148848,-0.0926039276623,2
"Pontotoc County, OK",-0.0298047987289,0.0471061398451,1
"Pottawatomie County, OK",-0.0128833944077,-0.110829763877,2
"Rogers County, OK",-0.243919743261,-0.0873426049727,4
"Seminole County, OK",0.0830274887995,-0.126429247938,2
"Sequoyah County, OK",0.193441644986,-0.0203488831778,5
"Stephens County, OK",-0.0231885014432,-0.000572418029981,1
"Tulsa County, OK",-0.0550628164575,-0.0714986526379,2
"Wagoner County, OK",-0.202245754448,-0.0476648253601,4
"Clackamas County, OR",-0.288481861149,-0.120050423612,4
"Columbia County, OR",-0.10357178409,-0.198287980621,2
"Coos County, OR",0.0417323845027,-0.243955875129,2
"Deschutes County, OR",-0.152544599579,-0.194819475053,2
"Douglas County, OR",0.0420834281469,-0.308835042678,2
"Jackson County, OR",0.0424186769618,-0.17268512001,2
"Jefferson County, OR",0.0658351544282,-0.247831365,2
"Josephine County, OR",0.0882192533937,-0.295914022801,2
"Klamath County, OR",0.0500637327447,-0.244687348586,2
"Lane County, OR",0.00356612469528,-0.213104167553,2
"Linn County, OR",-0.0690506648443,-0.297490777298,2
"Malheur County, OR",0.129451720779,-0.210071571498,2
"Marion County, OR",-0.0532655318573,-0.135272296807,2
"Multnomah County, OR",-0.0866676092255,-0.00381943371946,1
"Polk County, OR",-0.131140066908,-0.123239952261,4
"Umatilla County, OR",-0.0122200248639,-0.216437849301,2
"Wasco County, OR",-0.0574576402373,-0.214695022313,2
"Washington County, OR",-0.248077093608,0.0192086472682,4
"Yamhill County, OR",-0.120553404985,-0.111382924169,2
"Adams County, PA",-0.197176827124,0.180230287683,3
"Allegheny County, PA",-0.0860415729968,0.102967423413,1
"Armstrong County, PA",-0.0140911505992,0.11592490952,1
"Beaver County, PA",-0.0651126917243,-0.00393569359851,1
"Berks County, PA",-0.088677719061,0.170157216022,1
"Blair County, PA",0.0162941818155,0.158175291038,1
"Bradford County, PA",-0.0349040356268,0.169983530998,1
"Bucks County, PA",-0.349260710306,0.187541286893,3
"Butler County, PA",-0.227847139309,0.144231484138,3
"Cambria County, PA",0.0330663611366,0.116307935558,1
"Centre County, PA",-0.0313934695595,0.248970696007,1
"Chester County, PA",-0.405346172136,0.33890722208,3
"Columbia County, PA",0.0231638211745,0.185128055781,1
"Crawford County, PA",0.0104193514154,0.158332919466,1
"Cumberland County, PA",-0.237458552479,0.189579171127,3
"Dauphin County, PA",-0.0769654074803,0.112342707028,1
"Delaware County, PA",-0.197002391423,0.1764957101,3
"Erie County, PA",0.0355649298091,0.113893106853,1
"Fayette County, PA",0.160666301565,0.142544796459,5
"Franklin County, PA",-0.149007135579,0.184876900457,1
"Greene County, PA",-0.0161008200876,0.194693858134,1
"Indiana County, PA",0.0810271296034,0.175907636619,5
"Lackawanna County, PA",-0.0019260668656,0.076996983163,1
"Lancaster County, PA",-0.137479394692,0.240264190094,1
"Lawrence County, PA",0.072546029154,0.109852603088,5
"Lebanon County, PA",-0.0919683483829,0.198698805708,1
"Lehigh County, PA",-0.106114038683,0.11303120637,1
"Luzerne County, PA",-0.0127682908894,0.0375999296827,1
"Lycoming County, PA",-0.0238454760253,0.0770936681295,1
"Mercer County, PA",-0.011663435048,0.152419356959,1
"Monroe County, PA",-0.11813640502,0.0085027098066,1
"Montgomery County, PA",-0.35133217059,0.277295012944,3
"Northampton County, PA",-0.204147547063,0.0923523341115,4
"Northumberland County, PA",0.00471054918902,0.209908360343,1
"Perry County, PA",-0.158464452857,0.0949731935496,1
"Philadelphia County/city, PA",0.25158886495,0.13783436179,0
"Pike County, PA",-0.173854439403,-0.0170902205524,4
"Schuylkill County, PA",-0.0143276751454,0.122976309098,1
"Somerset County, PA",0.038071734376,0.176249528975,1
"Susquehanna County, PA",-0.061876068855,0.109919311725,1
"Warren County, PA",-0.0514917563171,0.0993932173842,1
"Washington County, PA",-0.134683967157,0.147336053527,1
"Wayne County, PA",-0.058286642333,0.106645077335,1
"Westmoreland County, PA",-0.104424977675,0.0660959457125,1
"York County, PA",-0.144916009423,0.150227086268,1
"Kent County, RI",-0.247588683046,9.33399634861e-05,4
"Providence County, RI",0.0312086742482,0.0751351763718,1
"Abbeville County, SC",0.108178766956,-0.00562397411296,5
"Aiken County, SC",0.019003588932,0.00516759807599,1
"Allendale County, SC",0.519245571772,0.092036182764,0
"Anderson County, SC",0.00551424000043,-0.0692484100685,2
"Bamberg County, SC",0.347500120949,-0.15159072996,0
"Barnwell County, SC",0.263493394778,-0.0579334274865,0
"Beaufort County, SC",-0.140030659801,0.0189568075683,4
"Berkeley County, SC",-0.139274277741,-0.106466589799,4
"Calhoun County, SC",0.105916396704,-0.0370254234578,5
"Charleston County, SC",-0.0784834703816,0.0636457862123,1
"Cherokee County, SC",0.144321486852,0.0658396878786,5
"Chester County, SC",0.25001422332,-0.0178209578693,5
"Chesterfield County, SC",0.178047103037,0.0786758155077,5
"Clarendon County, SC",0.213785666139,-0.0215096885854,5
"Colleton County, SC",0.165074528348,-0.0637264418433,5
"Darlington County, SC",0.150715014059,0.016509674452,5
"Dillon County, SC",0.360409332737,0.0542290500143,0
"Dorchester County, SC",-0.132879110569,-0.14025109232,2
"Edgefield County, SC",0.0381048620369,0.0586955273515,1
"Fairfield County, SC",0.183514305267,0.0522584128539,5
"Florence County, SC",0.101133985447,-0.00630138244212,5
"Georgetown County, SC",0.0795945648706,-0.00695654567807,5
"Greenville County, SC",-0.0655568434537,0.0361128510128,1
"Greenwood County, SC",0.07314804112,0.0176435798834,5
"Hampton County, SC",0.220063942503,0.0477712689752,5
"Horry County, SC",0.0112812578319,-0.0957291450225,2
"Jasper County, SC",0.134100931511,0.0297893584881,5
"Kershaw County, SC",-0.033526137368,-0.0171561189423,1
"Lancaster County, SC",-0.0313238168036,0.0209591105195,1
"Laurens County, SC",0.0781482922221,-0.0210639135068,5
"Lee County, SC",0.285387874227,0.053835285121,0
"Lexington County, SC",-0.120825998813,-0.0321846995165,4
"Marion County, SC",0.259170171417,0.0166713940369,0
"Marlboro County, SC",0.304864304697,0.0717446027633,0
"Newberry County, SC",0.0672327852528,0.0438595197316,5
"Oconee County, SC",0.0387087239258,0.00999570011222,5
"Orangeburg County, SC",0.229814213686,-0.00742510210754,5
"Pickens County, SC",0.0412673288163,-0.00940253517743,5
"Richland County, SC",-0.0416805997949,-0.038274638041,2
"Saluda County, SC",0.0620990087607,0.115524186675,5
"Spartanburg County, SC",-0.0154990229456,-0.0383714971903,2
"Sumter County, SC",0.0679710652395,-0.11893726399,2
"Union County, SC",0.198255432867,-0.00393888364005,5
"Williamsburg County, SC",0.407679807603,-0.00360402859456,0
"York County, SC",-0.133755333377,-0.0176833814948,4
"Minnehaha County, SD",-0.168036851,-0.0485154691746,4
"Pennington County, SD",-0.175115942119,-0.156861548202,4
"Anderson County, TN",0.075309323869,0.0403798541726,5
"Bedford County, TN",0.0427950106403,0.120529614128,1
"Blount County, TN",-0.0840876717567,-0.00635453971489,1
"Bradley County, TN",0.0270841270221,-0.0394205556767,2
"Campbell County, TN",0.294727997092,0.183464533609,0
"Carroll County, TN",0.171355554498,0.132515521497,5
"Carter County, TN",0.202975235826,0.0589617785318,5
"Cheatham County, TN",-0.163148236324,0.0581123082416,4
"Chester County, TN",0.0385759626143,0.0120972882363,5
"Claiborne County, TN",0.175395890789,0.153704064691,5
"Clay County, TN",0.274763928482,0.284325361515,0
"Cocke County, TN",0.284363679516,0.122161325796,0
"Coffee County, TN",0.00550299041554,0.0564751307558,1
"Crockett County, TN",0.11346875327,0.136425810108,5
"Cumberland County, TN",0.0744253439372,0.0440706426541,5
"Davidson County, TN",-0.0101187154999,0.0969327136175,1
"DeKalb County, TN",0.108928719807,0.198537675598,5
"Dickson County, TN",0.00504841474095,0.101340321913,1
"Dyer County, TN",0.141491627323,0.0998346303021,5
"Fayette County, TN",-0.105936292119,0.0400421709399,1
"Franklin County, TN",-0.0318173510826,0.077220166584,1
"Gibson County, TN",0.0317109966075,-0.0194418275924,5
"Giles County, TN",0.0220678975422,0.104178753158,1
"Grainger County, TN",0.114007295399,0.160769388222,5
"Greene County, TN",0.122336691505,0.116138439987,5
"Grundy County, TN",0.273735143867,0.231184744661,0
"Hamblen County, TN",0.114786072713,0.128724055033,5
"Hamilton County, TN",-0.0414151907272,-0.0477223722904,2
"Hardeman County, TN",0.19573281292,0.147939686754,5
"Hardin County, TN",0.186553005016,0.138928003064,5
"Hawkins County, TN",0.149239290525,0.10233955736,5
"Haywood County, TN",0.196380067405,0.0939910596963,5
"Henderson County, TN",0.0741962258868,0.0349696433765,5
"Henry County, TN",0.121707705002,0.140713884041,5
"Hickman County, TN",0.111846308086,0.152144433963,5
"Humphreys County, TN",0.0190675617931,0.0382736926703,1
"Jackson County, TN",0.237544030863,0.227579248459,0
"Jefferson County, TN",0.0330814434524,0.0381492837218,1
"Johnson County, TN",0.227695498878,0.0748552818462,5
"Knox County, TN",-0.0482879611892,0.0155298489633,1
"Lauderdale County, TN",0.278281320525,0.144302343252,0
"Lawrence County, TN",0.102157763093,0.0973525620916,5
"Lewis County, TN",0.0801342419378,0.0332867824952,5
"Lincoln County, TN",0.0173807449424,0.127961359156,1
"McMinn County, TN",0.178569512792,0.0843622046651,5
"McNairy County, TN",0.140058843712,0.108778825184,5
"Macon County, TN",0.100481182291,0.19954002241,5
"Madison County, TN",0.0192122961983,-0.0052823744588,1
"Marion County, TN",0.0825285672287,0.0296507931096,5
"Maury County, TN",-0.0986411642858,-0.0482666021905,4
"Meigs County, TN",0.10944547758,0.073306198046,5
"Monroe County, TN",0.104875488497,0.0900716761573,5
"Montgomery County, TN",-0.094657615829,-0.172937228497,2
"Morgan County, TN",0.103812782161,0.167963744109,5
"Obion County, TN",0.151170551707,0.106255167105,5
"Putnam County, TN",0.120376315455,0.14614498056,5
"Rhea County, TN",0.184411790898,0.0900118344682,5
"Roane County, TN",0.0278119883036,-0.0245796881505,2
"Robertson County, TN",-0.124860292678,0.00160108723932,4
"Rutherford County, TN",-0.183294448293,0.00378649971961,4
"Scott County, TN",0.282197726419,0.16848611787,0
"Sevier County, TN",0.00274637010219,0.00801503342615,1
"Shelby County, TN",0.0823992088705,-0.0104739183453,5
"Sullivan County, TN",0.0299784170364,0.00243660865482,1
"Sumner County, TN",-0.204823577978,-0.0260145189224,4
"Tipton County, TN",-0.0822802396277,-0.0406136743341,2
"Unicoi County, TN",0.140252222738,0.0721939402218,5
"Warren County, TN",0.138541556774,0.157791667574,5
"Washington County, TN",0.0308737606692,0.0544752469949,1
"Weakley County, TN",0.105369502669,0.117982403529,5
"White County, TN",0.0907206441118,0.115366727466,5
"Williamson County, TN",-0.520491560469,0.303483692828,3
"Wilson County, TN",-0.254540124891,0.0592111243686,4
"Anderson County, TX",0.0311967290765,-0.0657296529603,2
"Angelina County, TX",0.00299671579155,-0.0803978077723,2
"Aransas County, TX",0.00119113304292,-0.126340546633,2
"Atascosa County, TX",0.0406155432528,0.090399697136,1
"Austin County, TX",-0.176902713596,-0.0870037709332,4
"Bastrop County, TX",-0.177332092443,-0.0459905422485,4
"Bee County, TX",0.0881998852286,-0.0278866308409,5
"Bell County, TX",-0.076701538984,-0.225303794008,2
"Bexar County, TX",-0.0649050960834,-0.0386493114762,2
"Bowie County, TX",0.0115192080612,-0.104380296368,2
"Brazoria County, TX",-0.2669121576,0.00170727751902,4
"Brazos County, TX",0.126813774934,0.0702031986674,5
"Brown County, TX",0.0208388055171,-0.0197533647319,2
"Burnet County, TX",-0.136334437794,-0.00795677036308,4
"Callahan County, TX",-0.095326421212,-0.132683815327,2
"Cameron County, TX",0.378055856681,0.0757566841288,0
"Cass County, TX",0.105781573926,0.0118990058088,5
"Chambers County, TX",-0.320205316256,-0.000690890239088,4
"Cherokee County, TX",0.0489670501816,0.00232434863037,5
"Collin County, TX",-0.413937792335,0.134143185982,3
"Colorado County, TX",-0.0617828849413,0.100678510422,1
"Comal County, TX",-0.297235352809,0.00503367924084,4
"Cooke County, TX",-0.161244517256,-0.0946895367076,4
"Coryell County, TX",-0.0957335185626,-0.347032484321,2
"Dallas County, TX",0.013478702883,0.100526116347,1
"Denton County, TX",-0.336872431762,0.0283824189909,4
"Duval County, TX",0.199417595017,0.0219406351988,5
"Ector County, TX",-0.184002445134,0.00411877512299,4
"Ellis County, TX",-0.257576794711,-0.0584986664282,4
"El Paso County, TX",0.0866329231227,-0.0285779337524,5
"Erath County, TX",-0.0201448945548,-0.037391898336,2
"Fannin County, TX",-0.0279326071507,-0.0564757524351,2
"Fayette County, TX",-0.135270913711,0.0833610692501,1
"Fort Bend County, TX",-0.45061675452,0.166139136432,3
"Franklin County, TX",-0.0376428131814,-0.114949007215,2
"Freestone County, TX",-0.0748555811497,-0.156797376933,2
"Frio County, TX",0.199565430771,0.111662790917,5
"Galveston County, TX",-0.187797633165,-0.0638483157914,4
"Gonzales County, TX",-0.00853165264725,0.111735485147,1
"Grayson County, TX",-0.0820231180684,-0.132701055221,2
"Gregg County, TX",-0.0482637599389,-0.151713734384,2
"Grimes County, TX",0.000162756112743,-0.0498339209941,2
"Guadalupe County, TX",-0.24580709467,-0.0112984895583,4
"Hardin County, TX",-0.15499992041,-0.0595499400042,4
"Harris County, TX",-0.0365763336216,0.0854646018804,1
"Harrison County, TX",0.0099064523145,-0.037537123059,2
"Hays County, TX",-0.168824103757,-0.0141562762786,4
"Henderson County, TX",-0.030502677085,-0.0516369681797,2
"Hidalgo County, TX",0.380913761409,0.136357915607,0
"Hill County, TX",-0.00373001302223,-0.0603042043126,2
"Hood County, TX",-0.243148655038,-0.0890047792091,4
"Hopkins County, TX",-0.02044957955,0.00534208055654,1
"Houston County, TX",0.168166001394,-0.0644110830547,5
"Howard County, TX",-0.0185966640294,-0.115535792715,2
"Hunt County, TX",-0.0297403728478,-0.0504360983638,2
"Jasper County, TX",-0.0140148300223,-0.0326949714321,2
"Jefferson County, TX",0.00724322354549,-0.0513362163491,2
"Jim Wells County, TX",0.138258148312,0.0659002422166,5
"Johnson County, TX",-0.198846693504,-0.0918499283381,4
"Kaufman County, TX",-0.175667381089,-0.0611963268674,4
"Kendall County, TX",-0.365004651076,0.0975353262771,3
"Kerr County, TX",-0.0944525470869,-0.0552407386568,2
"Lamar County, TX",0.032812831011,-0.142423178049,2
"Liberty County, TX",-0.0500073088155,0.032593829672,1
"Limestone County, TX",0.0353345656849,-0.0565747304755,2
"Lubbock County, TX",0.0224908015675,-0.0511481248811,2
"McLennan County, TX",0.0195960211282,-0.101322866896,2
"Marion County, TX",0.145775187902,-0.0923414490779,5
"Matagorda County, TX",0.0877211360382,0.0582545296861,5
"Medina County, TX",-0.106712598938,-0.0230165249474,4
"Midland County, TX",-0.380959898949,-0.0241262164772,4
"Milam County, TX",-0.0137295411774,0.0492171088972,1
"Montague County, TX",-0.089668140187,-0.0710661199219,2
"Montgomery County, TX",-0.276060855453,0.0555272687263,4
"Nacogdoches County, TX",0.150195068311,-0.0112406027095,5
"Navarro County, TX",0.03818221896,-0.0630108475361,2
"Newton County, TX",0.0936276015659,-0.0664805873104,5
"Nueces County, TX",0.0133841959847,-0.0727335099997,2
"Orange County, TX",-0.0533912458105,-0.113796692796,2
"Palo Pinto County, TX",0.0379919401112,0.00121364448852,5
"Panola County, TX",-0.105031461978,-0.198936269369,2
"Parker County, TX",-0.291918725149,-0.10092383831,4
"Polk County, TX",0.0273299540574,-0.0219204985931,2
"Potter County, TX",0.0708106769253,-0.121218576824,2
"Rains County, TX",-0.0871924641048,-0.0879183499169,2
"Randall County, TX",-0.307847780531,-0.204829245769,4
"Robertson County, TX",-0.0627111093775,0.100267715865,1
"Rockwall County, TX",-0.482966116561,0.0427180955457,3
"Rusk County, TX",-0.0619670200484,-0.0835062220426,2
"San Augustine County, TX",0.232272048353,0.0342666783523,5
"San Jacinto County, TX",0.0451785061806,0.0929783007747,1
"San Patricio County, TX",-0.0712764503028,-0.0382521680664,2
"Shelby County, TX",0.0728110307113,0.0520394515481,5
"Smith County, TX",-0.0583967016025,-0.108760315762,2
"Starr County, TX",0.478442374204,0.292612926246,0
"Tarrant County, TX",-0.150507624249,-0.00872834897292,4
"Taylor County, TX",-0.0763146784261,-0.0788722909714,2
"Titus County, TX",0.0854000501184,0.00821996432332,5
"Tom Green County, TX",-0.057177335871,-0.033708474967,2
"Travis County, TX",-0.161692887978,0.161350100138,1
"Trinity County, TX",0.0720597150845,-0.0536533142564,5
"Tyler County, TX",0.0696338938216,-0.0690773529561,2
"Upshur County, TX",-0.0617293737794,-0.162928309331,2
"Uvalde County, TX",0.0579817470088,-0.0918795579034,2
"Van Zandt County, TX",-0.0435824360602,-0.0356746681103,2
"Victoria County, TX",-0.148077651341,-0.0684264097891,4
"Walker County, TX",0.104990440179,0.0352315332299,5
"Waller County, TX",-0.0560748439695,0.0456524316488,1
"Washington County, TX",-0.0878124873346,0.00160151689975,1
"Webb County, TX",0.284331498486,0.108008479818,0
"Wharton County, TX",-0.00364316492893,0.00856821478966,1
"Wichita County, TX",0.0137869421881,-0.0751477538137,2
"Williamson County, TX",-0.389350864289,0.00380577553882,3
"Wilson County, TX",-0.285200779773,0.0230557851284,4
"Wise County, TX",-0.166011839832,-0.00574369952876,4
"Wood County, TX",-0.0253789645972,-0.0908020317767,2
"Davis County, UT",-0.380877956291,-0.176980151499,4
"Salt Lake County, UT",-0.24604118727,-0.0817420666765,4
"Uintah County, UT",-0.255956847578,-0.119213580044,4
"Utah County, UT",-0.246207385087,-0.198247400131,4
"Washington County, UT",-0.181117158965,-0.268692707477,2
"Weber County, UT",-0.193727597753,-0.170089960253,4
"Chittenden County, VT",-0.229108798316,0.176561964423,3
"Franklin County, VT",-0.239390675544,0.0635269225061,4
"Rutland County, VT",-0.124980582569,0.0627969570149,1
"Windham County, VT",-0.0782724994604,0.115032870365,1
"Accomack County, VA",0.132281383989,0.166871010707,5
"Albemarle County, VA",-0.239489528391,0.261312212037,3
"Amherst County, VA",-0.0508142145233,0.0180951862719,1
"Appomattox County, VA",-0.0814482329219,-0.0141112303834,1
"Arlington County, VA",-0.447439260631,0.576164823534,3
"Augusta County, VA",-0.166053538323,0.168259165524,1
"Bedford County, VA",-0.184185763142,-0.00377331834049,4
"Botetourt County, VA",-0.260305187296,0.0309290587108,4
"Brunswick County, VA",0.115130271074,0.0327007138823,5
"Buchanan County, VA",0.346382842523,0.0413810990973,0
"Buckingham County, VA",0.0743564103518,0.139954360493,5
"Campbell County, VA",-0.098917815392,-0.00092690794981,1
"Caroline County, VA",-0.119524672549,0.0950306452495,1
"Carroll County, VA",-0.0307717277766,-0.04645020218,2
"Chesterfield County, VA",-0.341520652759,0.0593781374897,3
"Culpeper County, VA",-0.221112723327,0.0844850202851,4
"Dinwiddie County, VA",-0.0999684138765,0.0794733366345,1
"Fairfax County, VA",-0.533519178323,0.426352405233,3
"Fauquier County, VA",-0.43770639195,0.115826590454,3
"Franklin County, VA",-0.103515246958,-0.0465496741341,4
"Frederick County, VA",-0.295435854978,0.10185703396,3
"Gloucester County, VA",-0.272348098802,-0.0771847076605,4
"Grayson County, VA",0.100551491917,0.0193114012937,5
"Halifax County, VA",0.0380323790606,0.0204231863348,5
"Hanover County, VA",-0.393341855402,0.107151502457,3
"Henrico County, VA",-0.231778649744,0.106642637515,4
"Henry County, VA",0.092005914276,-0.119217058281,2
"Isle of Wight County, VA",-0.260716087519,-0.00418700795202,4
"James City County, VA",-0.336816639156,0.173413618024,3
"Lee County, VA",0.215168874183,-0.0318167673936,5
"Loudoun County, VA",-0.671195832957,0.398072267461,3
"Louisa County, VA",-0.163130953184,0.132988702465,1
"Mecklenburg County, VA",0.12452724095,-0.0741255843705,5
"Montgomery County, VA",0.0520674384767,0.145255948556,1
"Orange County, VA",-0.188285724942,0.0660090966573,4
"Pittsylvania County, VA",0.0155720927381,-0.0596112256647,2
"Prince Edward County, VA",0.124460388672,0.139084480192,5
"Prince George County, VA",-0.23462470558,-0.0452334807623,4
"Prince William County, VA",-0.490226725162,0.139093800826,3
"Pulaski County, VA",-0.068320561887,-0.0605267436113,2
"Roanoke County, VA",-0.277204928105,-0.00432352838985,4
"Rockingham County, VA",-0.102648021981,0.202229395137,1
"Russell County, VA",0.128638621432,0.0190946693838,5
"Scott County, VA",0.0733424884571,-0.00452942566918,5
"Smyth County, VA",0.0727950978552,0.0129157436974,5
"Southampton County, VA",-0.0782629845381,-0.0293218616461,1
"Spotsylvania County, VA",-0.325407813085,0.0961589042123,3
"Stafford County, VA",-0.507306554121,0.0410139766634,3
"Tazewell County, VA",0.0503923459799,-0.0337171031574,5
"Washington County, VA",-0.00523947779796,0.0351520281835,1
"Wise County, VA",0.17594379466,0.00835150473512,5
"York County, VA",-0.427745114657,0.022502518422,3
"Alexandria city, VA",-0.350269856918,0.394215544181,3
"Charlottesville city, VA",0.0398229543341,0.295812600665,1
"Chesapeake city, VA",-0.276546587586,-0.087199298173,4
"Colonial Heights city, VA",-0.107748111436,-0.0420097365479,4
"Danville city, VA",0.177014082977,-0.128070468677,5
"Emporia city, VA",0.175780206876,0.0953809680093,5
"Hampton city, VA",-0.0955439222215,-0.242520800096,2
"Hopewell city, VA",0.120667707202,-0.054442056902,5
"Lynchburg city, VA",0.132229717944,-0.0429027223939,5
"Manassas city, VA",-0.27812914654,0.136821235264,3
"Martinsville city, VA",0.194336182027,-0.0763141788532,5
"Newport News city, VA",-0.0500549419899,-0.185653100396,2
"Norfolk city, VA",0.0630873376637,-0.127000960811,2
"Petersburg city, VA",0.325097751612,-0.0190485385298,0
"Portsmouth city, VA",0.0050224572056,-0.121897042082,2
"Richmond city, VA",0.186001553659,0.106896865406,5
"Roanoke city, VA",0.0954787985707,-0.049094495177,5
"Staunton city, VA",-0.00672692069962,0.100897562225,1
"Suffolk city, VA",-0.172800641358,-0.0526534693365,4
"Virginia Beach city, VA",-0.306558093053,-0.139307082594,4
"Benton County, WA",-0.144317538486,-0.107269596258,4
"Chelan County, WA",-0.110119875832,0.0312603321608,1
"Clallam County, WA",-0.0387707040865,-0.26411962239,2
"Clark County, WA",-0.230726240348,-0.195633064676,4
"Cowlitz County, WA",-0.0695656158486,-0.284535396363,2
"Franklin County, WA",-0.0732918924457,-0.00453304942979,1
"Grant County, WA",-0.0320001262628,-0.0684919336978,2
"Grays Harbor County, WA",-0.0171339942145,-0.306169438562,2
"Island County, WA",-0.258399305774,-0.217296620612,4
"King County, WA",-0.316237974493,0.12325675813,3
"Kitsap County, WA",-0.273567393758,-0.242848925395,4
"Lewis County, WA",-0.0473431363987,-0.272009311374,2
"Mason County, WA",-0.0644283524925,-0.241485665549,2
"Okanogan County, WA",0.0687806340427,-0.150250041389,2
"Pierce County, WA",-0.161104742358,-0.169980757814,4
"Skagit County, WA",-0.107616620625,-0.167183101912,2
"Snohomish County, WA",-0.336320421513,-0.126077528489,4
"Spokane County, WA",-0.0495909826044,-0.230649894478,2
"Stevens County, WA",0.0628291170818,-0.265185865054,2
"Thurston County, WA",-0.192850658716,-0.16355961293,4
"Walla Walla County, WA",-0.0780803346629,-0.233349648248,2
"Whatcom County, WA",-0.105849972466,-0.140430850631,2
"Yakima County, WA",0.0785880300556,0.0188888533564,5
"Berkeley County, WV",-0.120329079884,0.0258783633645,1
"Boone County, WV",0.236693609651,0.195851152185,0
"Cabell County, WV",0.102895925799,0.00719336845826,5
"Clay County, WV",0.384583530313,0.310481724422,0
"Fayette County, WV",0.156471016279,0.113129812894,5
"Greenbrier County, WV",0.118424051715,0.138031683708,5
"Hardy County, WV",0.0643711796231,0.275880207499,1
"Harrison County, WV",-0.000792068198652,0.0390620142072,1
"Jackson County, WV",0.00495335735576,0.0333022276719,1
"Jefferson County, WV",-0.241833423296,0.099571721774,4
"Kanawha County, WV",0.0363391850966,0.0808567124248,1
"Lewis County, WV",0.160357773561,0.135567280814,5
"Logan County, WV",0.217105622662,0.0265374254091,5
"McDowell County, WV",0.525284425831,0.274023312132,0
"Marion County, WV",0.0356874180596,0.0727515122508,1
"Mason County, WV",0.192652107975,0.0395256124726,5
"Mercer County, WV",0.161991291079,0.0560174063052,5
"Mingo County, WV",0.392714628015,0.117296619225,0
"Monongalia County, WV",0.0742712921376,0.182386720428,1
"Nicholas County, WV",0.133680370289,0.160207542608,5
"Ohio County, WV",-0.0309408905,0.0622147617526,1
"Pocahontas County, WV",0.149347385507,0.188282711548,5
"Preston County, WV",0.0596781489454,0.193602343591,1
"Putnam County, WV",-0.16885424517,0.065864416764,4
"Raleigh County, WV",0.138000197772,0.0868543784961,5
"Summers County, WV",0.193699636651,0.00228162953943,5
"Wayne County, WV",0.185138534376,0.0604886606544,5
"Wood County, WV",0.0413480923383,-0.0919347212275,2
"Wyoming County, WV",0.2266972724,0.162130067512,0
"Brown County, WI",-0.162801367613,-0.025916157272,4
"Dane County, WI",-0.209121621291,0.080633648853,4
"Kenosha County, WI",-0.141986009987,-0.0670281677826,4
"La Crosse County, WI",-0.109182296746,-0.149547709383,2
"Marathon County, WI",-0.192699637714,0.00666522451963,4
"Milwaukee County, WI",0.0901884631058,-0.00783338183817,5
"Outagamie County, WI",-0.228733364443,-0.0176722130126,4
"Portage County, WI",-0.143043867542,0.0205473862194,4
"Racine County, WI",-0.150148137061,-0.0850688665152,4
"Rock County, WI",-0.0980840690166,-0.0413314926004,4
"Walworth County, WI",-0.154785553186,-0.0236326127619,4
"Washington County, WI",-0.366988232866,-0.0597406950578,4
"Waukesha County, WI",-0.399757421121,0.0651642741888,3
"Winnebago County, WI",-0.139395538477,-0.0342557987362,4
"Laramie County, WY",-0.242480643478,-0.204770042724,4
"Natrona County, WY",-0.222416807007,-0.287425984338,4
