,FIPStxt,State,Area_name,Unemployment_rate_2015,Median_Household_Income_2015,poverty_rate,FIPS Code,college_rate,county_name,crime_rate_per_100000,index,population,FIPS_ST,FIPS_CTY,Unnamed: 0,County,County Code,Deaths,Population,Crude Rate,fire_rate,code,state,curved_score,predict_nn,predict_rf,difference_nn,difference_rf
839,36027,NY,"Dutchess County, NY",0.120535714286,0.470399782537,0.220588235294,36027,0.99,"Dutchess County, NY",0.127050450644,1302,296916,36,27,,"Dutchess County, NY",36027,64.0,4973393,1.3,0.0237797246558,NY,New_York,0.99,0.045220798373,0.0548185231539,2.14410737172,3.10387984981
1300,48329,TX,"Midland County, TX",0.0758928571429,0.552734792148,0.171568627451,48329,0.99,"Midland County, TX",0.167630724027,879,151468,48,329,,"Midland County, TX",48329,56.0,2245691,2.5,0.0538172715895,TX,Texas,0.99,0.0355583858213,0.0120400500626,1.82588857682,4.17772215269
110,05079,AR,"Lincoln County, AR",0.196428571429,0.168164961264,0.468137254902,5079,0.99,"Lincoln County, AR",0.0636347691872,2191,14031,5,79,,"Lincoln County, AR",5079,18.0,242557,Unreliable,0.177221526909,AR,Arkansas,0.99,0.127031988701,0.113491864831,5.0189538208,6.37296620776
1399,51169,VA,"Scott County, VA",0.151785714286,0.142448012737,0.377450980392,51169,0.99,"Scott County, VA",0.0542262252053,2328,22640,51,169,,"Scott County, VA",51169,12.0,391259,Unreliable,0.0683354192741,VA,Virginia,0.99,0.0972314260737,0.082703379224,2.88960067996,1.43679599499
809,34041,NJ,"Warren County, NJ",0.160714285714,0.473545230375,0.154411764706,34041,0.99,"Warren County, NJ",0.0446932782349,2482,107379,34,41,,"Warren County, NJ",34041,13.0,1823005,Unreliable,0.00926157697121,NJ,New_Jersey,0.99,0.0351177185347,0.0344931163955,2.58561415634,2.52315394243
1234,48015,TX,"Austin County, TX",0.125,0.340426771256,0.25,48015,0.99,"Austin County, TX",0.108330435107,1498,28847,48,15,,"Austin County, TX",48015,14.0,457268,Unreliable,0.068085106383,TX,Texas,0.99,0.0506201490891,0.0219274092616,1.74649572939,4.61576971214
1337,48473,TX,"Waller County, TX",0.133928571429,0.270392015999,0.311274509804,48473,0.99,"Waller County, TX",0.125892530246,1314,45213,48,473,,"Waller County, TX",48473,34.0,676636,5.0,0.117146433041,TX,Texas,0.99,0.0668111231295,0.0635294117647,5.03353099118,5.36170212766
726,29009,MO,"Barry County, MO",0.142857142857,0.141477195503,0.419117647059,29009,0.99,"Barry County, MO",0.156875394662,974,35572,29,9,,"Barry County, MO",29009,17.0,597179,Unreliable,0.0628285356696,MO,Missouri,0.99,0.111623676323,0.176145181477,4.87951406531,11.3316645807
1288,48251,TX,"Johnson County, TX",0.116071428571,0.347465196202,0.230392156863,48251,0.99,"Johnson County, TX",0.141396681684,1128,154707,48,251,,"Johnson County, TX",48251,42.0,2446147,1.7,0.0345431789737,TX,Texas,0.99,0.0468323421234,0.0364872757614,1.22891631497,0.194409678765
1129,45039,SC,"Fairfield County, SC",0.28125,0.133273789876,0.453431372549,45039,0.99,"Fairfield County, SC",0.376709489859,105,23109,45,39,,"Fairfield County, SC",45039,29.0,402467,7.2,0.171964956195,SC,South_Carolina,0.99,0.129049742254,0.136245306633,4.29152139408,3.5719649562
13,01029,AL,"Cleburne County, AL",0.1875,0.186804652156,0.382352941176,1029,0.99,"Cleburne County, AL",0.107930355224,1502,14994,1,29,,"Cleburne County, AL",1029,18.0,248805,Unreliable,0.172465581977,AL,Alabama,0.99,0.0946989122719,0.0820650813517,7.77666697056,9.04005006258
352,13293,GA,"Upson County, GA",0.241071428571,0.145331339922,0.458333333333,13293,0.99,"Upson County, GA",0.100827310784,1615,26566,13,293,,"Upson County, GA",13293,12.0,462487,Unreliable,0.0563204005006,GA,Georgia,0.99,0.12794064786,0.13829787234,7.16202473592,8.19774718398
793,34007,NJ,"Camden County, NJ",0.209821428571,0.395074073355,0.286764705882,34007,0.99,"Camden County, NJ",0.340575737267,158,512854,34,7,,"Camden County, NJ",34007,586.0,8692763,6.7,0.160200250313,NJ,New_Jersey,0.99,0.0590415746509,0.0638047559449,10.1158675662,9.6395494368
976,39087,OH,"Lawrence County, OH",0.183035714286,0.163136127993,0.436274509804,39087,0.99,"Lawrence County, OH",0.104546909331,1554,61917,39,87,,"Lawrence County, OH",39087,24.0,1058046,2.3,0.048310387985,OH,Ohio,0.99,0.1161274209,0.0878748435544,6.78170329154,3.95644555695
297,13111,GA,"Fannin County, GA",0.196428571429,0.164087528882,0.348039215686,13111,0.99,"Fannin County, GA",0.199634503689,648,23760,13,111,,"Fannin County, GA",13111,11.0,381883,Unreliable,0.0635794743429,GA,Georgia,0.99,0.0858679741648,0.122503128911,2.22884998219,5.89236545682
823,35039,NM,"Rio Arriba County, NM",0.276785714286,0.140040385997,0.507352941176,35039,0.99,"Rio Arriba County, NM",0.314724487875,207,40072,35,39,,"Rio Arriba County, NM",35039,42.0,685517,6.1,0.144931163955,NM,New_Mexico,0.99,0.146874062404,0.122878598248,0.194289844943,2.20525657071
1452,54005,WV,"Boone County, WV",0.352678571429,0.146370114362,0.468137254902,54005,0.99,"Boone County, WV",0.124397318018,1327,24224,54,5,,"Boone County, WV",54005,12.0,423000,Unreliable,0.0625782227785,WV,West_Virginia,0.99,0.134309110285,0.124155193992,7.17308875061,6.1576971214
448,19163,IA,"Scott County, IA",0.133928571429,0.342368405724,0.259803921569,19163,0.99,"Scott County, IA",0.247601659968,402,170385,19,163,,"Scott County, IA",19163,36.0,2768554,1.3,0.0240300375469,IA,Iowa,0.99,0.0526938350054,0.028986232791,2.86637974585,0.495619524406
43,01091,AL,"Marengo County, AL",0.258928571429,0.121303613382,0.453431372549,1091,0.99,"Marengo County, AL",0.257491715784,367,20155,1,91,,"Marengo County, AL",1091,24.0,362769,6.6,0.15719649562,AL,Alabama,0.99,0.129849681148,0.133066332916,2.73468144718,2.41301627034
1352,50007,VT,"Chittenden County, VT",0.0401785714286,0.429275964507,0.223039215686,50007,0.99,"Chittenden County, VT",0.081861075136,1895,159515,50,7,,"Chittenden County, VT",50007,14.0,2614954,Unreliable,0.00500625782228,VT,Vermont,0.99,0.043358191233,0.0179474342929,3.83519334107,1.29411764706
940,37169,NC,"Stokes County, NC",0.160714285714,0.194114905928,0.316176470588,37169,0.99,"Stokes County, NC",0.19284790454,687,46588,37,169,,"Stokes County, NC",37169,22.0,785690,2.8,0.061576971214,NC,North_Carolina,0.99,0.0728534033716,0.0764705882353,1.12764321576,1.48936170213
1211,47131,TN,"Obion County, TN",0.303571428571,0.165543754733,0.411764705882,47131,0.99,"Obion County, TN",0.197179939377,663,31131,47,131,,"Obion County, TN",47131,10.0,541761,Unreliable,0.0377972465582,TN,Tennessee,0.99,0.111127883473,0.117922403004,7.33306369145,8.01251564456
1394,51153,VA,"Prince William County, VA",0.102678571429,0.74085004757,0.142156862745,51153,0.99,"Prince William County, VA",0.0819407923618,1892,438580,51,153,,"Prince William County, VA",51153,107.0,6254153,1.7,0.0342928660826,VA,Virginia,0.99,0.037401632291,0.0189319983312,0.310876620841,1.53608677514
843,36047,NY,"Kings County, NY",0.183035714286,0.273110304254,0.524509803922,36047,0.99,"Kings County, NY",0.351702505648,135,2592149,36,47,,"Kings County, NY",36047,2365.0,42527616,5.6,0.130663329161,NY,New_York,0.99,0.134004622126,0.27319649562,0.334129296406,14.2533166458
1432,53015,WA,"Cowlitz County, WA",0.267857142857,0.268023221948,0.328431372549,53015,0.99,"Cowlitz County, WA",0.170380477996,856,101860,53,15,,"Cowlitz County, WA",53015,26.0,1678359,1.5,0.0302878598248,WA,Washington,0.99,0.0726551082596,0.109111389237,4.23672484348,7.88235294118
889,37055,NC,"Dare County, NC",0.254464285714,0.297953517271,0.198529411765,37055,0.99,"Dare County, NC",0.148197993426,1057,35019,37,55,,"Dare County, NC",37055,10.0,564126,Unreliable,0.0357947434293,NC,North_Carolina,0.99,0.0431412335992,0.0318397997497,0.734649016995,0.39549436796
5,01011,AL,"Bullock County, AL",0.272321428571,0.0520066792226,0.786764705882,1011,0.99,"Bullock County, AL",0.293731371551,267,10639,1,11,,"Bullock County, AL",1011,13.0,187222,Unreliable,0.165206508135,AL,Alabama,0.99,0.248654213216,0.342478097622,8.34477050805,17.7271589487
151,06059,CA,"Orange County, CA",0.116071428571,0.534997961284,0.294117647059,6059,0.99,"Orange County, CA",0.121646520911,1349,3114363,6,59,,"Orange County, CA",6059,779.0,50661489,1.5,0.0300375469337,CA,California,0.99,0.0577151999229,0.0476595744681,2.76776529892,1.76220275344
671,28045,MS,"Hancock County, MS",0.209821428571,0.223453002738,0.426470588235,28045,0.99,"Hancock County, MS",0.0318416494776,2666,45566,28,45,,"Hancock County, MS",28045,30.0,754260,4.0,0.0911138923655,MS,Mississippi,0.99,0.10625051294,0.0733166458073,1.51366205742,1.77972465582
433,18133,IN,"Putnam County, IN",0.147321428571,0.301108673281,0.264705882353,18133,0.99,"Putnam County, IN",0.025294311733,2765,37505,18,133,,"Putnam County, IN",18133,10.0,635696,Unreliable,0.030788485607,IN,Indiana,0.99,0.0542370497928,0.0448310387985,2.34485641858,1.40425531915
1401,51175,VA,"Southampton County, VA",0.0982142857143,0.244888647263,0.291666666667,51175,0.99,"Southampton County, VA",0.0831145364054,1873,18128,51,175,,"Southampton County, VA",51175,15.0,306135,Unreliable,0.114142678348,VA,Virginia,0.99,0.0643577192838,0.0432290362954,4.97849590642,7.09136420526
323,13187,GA,"Lumpkin County, GA",0.160714285714,0.244713900161,0.323529411765,13187,0.99,"Lumpkin County, GA",0.146196421075,1079,30918,13,187,,"Lumpkin County, GA",13187,11.0,460214,Unreliable,0.0513141426783,GA,Georgia,0.99,0.0712720038052,0.0609061326658,1.99578611269,0.959198998748
1400,51173,VA,"Smyth County, VA",0.209821428571,0.155709376153,0.357843137255,51173,0.99,"Smyth County, VA",0.0810998011855,1909,31652,51,173,,"Smyth County, VA",51173,10.0,550078,Unreliable,0.0370463078849,VA,Virginia,0.99,0.0905770721363,0.0759699624531,5.35307642514,3.89236545682
1481,55025,WI,"Dane County, WI",0.0625,0.412810904219,0.254901960784,55025,0.99,"Dane County, WI",0.122892291814,1339,509939,55,25,,"Dane County, WI",55025,66.0,8022885,0.8,0.0120150187735,WI,Wisconsin,0.99,0.0496409524493,0.023153942428,3.76259336758,1.11389236546
16,01035,AL,"Conecuh County, AL",0.330357142857,0.0688018173699,0.55637254902,1035,0.99,"Conecuh County, AL",0.359409356501,126,12887,1,35,,"Conecuh County, AL",1035,19.0,227665,Unreliable,0.200500625782,AL,Alabama,0.99,0.174677634424,0.23719649562,2.58229913586,3.66958698373
34,01071,AL,"Jackson County, AL",0.214285714286,0.168019338679,0.382352941176,1071,0.99,"Jackson County, AL",0.214990423996,550,52951,1,71,,"Jackson County, AL",1071,25.0,907056,2.8,0.0605757196496,AL,Alabama,0.99,0.0977079490015,0.0863529411765,3.71322293519,2.57772215269
52,01109,AL,"Pike County, AL",0.214285714286,0.112109974176,0.526960784314,1109,0.99,"Pike County, AL",0.23098811376,476,33339,1,109,,"Pike County, AL",1109,31.0,536577,5.8,0.136170212766,AL,Alabama,0.99,0.155661961139,0.153817271589,1.94917483727,1.76470588235
682,28069,MS,"Kemper County, MS",0.379464285714,0.0726850863057,0.634803921569,28069,0.99,"Kemper County, MS",0.0216839772238,2819,10294,28,69,,"Kemper County, MS",28069,13.0,177454,Unreliable,0.174968710889,MS,Mississippi,0.99,0.199527988823,0.157872340426,2.45592779347,1.70963704631
66,02050,AK,"Bethel Census Area, AK",0.553571428571,0.213142923713,0.487745098039,2050,0.99,"Bethel Census Area, AK",0.153980293611,1001,17758,2,50,,"Bethel Census Area, AK",2050,24.0,287127,8.4,0.200750938673,AK,Alaska,0.99,0.137126932266,0.0732916145181,6.36240064072,12.7459324155
118,05111,AR,"Poinsett County, AR",0.169642857143,0.0957419956119,0.480392156863,5111,0.99,"Poinsett County, AR",0.201073648361,640,24145,5,111,,"Poinsett County, AR",5111,18.0,421907,Unreliable,0.0983729662078,AR,Arkansas,0.99,0.139623247326,0.138948685857,4.12502811181,4.05757196496
1163,47019,TN,"Carter County, TN",0.205357142857,0.118041667476,0.5,47019,0.99,"Carter County, TN",0.0944044158101,1701,57338,47,19,,"Carter County, TN",47019,17.0,973059,Unreliable,0.0352941176471,TN,Tennessee,0.99,0.144884979033,0.141101376721,10.9590861386,10.5807259074
946,37185,NC,"Warren County, NC",0.290178571429,0.109265479681,0.563725490196,37185,0.99,"Warren County, NC",0.146459325938,1074,20575,37,185,,"Warren County, NC",37185,23.0,348052,6.6,0.156946182728,NC,North_Carolina,0.99,0.170614414927,0.132340425532,1.36682321986,2.46057571965
440,18173,IN,"Warrick County, IN",0.102678571429,0.422955944314,0.147058823529,18173,0.99,"Warrick County, IN",0.14808108068,1060,61049,18,173,,"Warrick County, IN",18173,10.0,972729,Unreliable,0.0172715894869,IN,Indiana,0.99,0.0325092528426,0.013296620776,1.52376633557,0.397496871089
604,25005,MA,"Bristol County, MA",0.191964285714,0.358668427082,0.28431372549,25005,0.99,"Bristol County, MA",0.28760951039,282,552780,25,5,,"Bristol County, MA",25005,128.0,9280185,1.4,0.0260325406758,MA,Massachusetts,0.99,0.0576478074354,0.0756695869837,3.16152667595,4.96370463079
115,05099,AR,"Nevada County, AR",0.142857142857,0.12640040386,0.463235294118,5099,0.99,"Nevada County, AR",0.120498987649,1364,8799,5,99,,"Nevada County, AR",5099,10.0,157840,Unreliable,0.150187734668,AR,Arkansas,0.99,0.128894416776,0.235644555695,2.12933178926,8.54568210263
549,22063,LA,"Livingston Parish, LA",0.147321428571,0.34832922354,0.279411764706,22063,0.99,"Livingston Parish, LA",0.212719585269,566,134053,22,63,,"Livingston Parish, LA",22063,71.0,1976872,3.6,0.081351689612,LA,Louisiana,0.99,0.0568336371064,0.0771214017522,2.45180525057,0.423028785982
586,24003,MD,"Anne Arundel County, MD",0.116071428571,0.659485855193,0.122549019608,24003,0.99,"Anne Arundel County, MD",0.24671427029,406,555743,24,3,,"Anne Arundel County, MD",24003,210.0,8923616,2.4,0.0503128911139,MD,Maryland,0.99,0.0301155944415,0.0351105548602,2.01972966724,1.52023362537
817,35025,NM,"Lea County, NM",0.196428571429,0.308642215017,0.281862745098,35025,0.99,"Lea County, NM",0.279584304753,306,68062,35,25,,"Lea County, NM",35025,71.0,1049620,6.8,0.160700876095,NM,New_Mexico,0.99,0.0576687870982,0.0637672090113,10.3032088997,9.69336670839
1312,48373,TX,"Polk County, TX",0.191964285714,0.192726637283,0.348039215686,48373,0.99,"Polk County, TX",0.114556655299,1420,45790,48,373,,"Polk County, TX",48373,35.0,762421,4.6,0.106382978723,TX,Texas,0.99,0.0828951900614,0.0871964956195,2.3487788662,1.91864831039
415,18065,IN,"Henry County, IN",0.15625,0.243286798827,0.301470588235,18065,0.99,"Henry County, IN",0.0238944218102,2788,49044,18,65,,"Henry County, IN",18065,13.0,828310,Unreliable,0.030788485607,IN,Indiana,0.99,0.0649391134846,0.0605006257822,3.41506278776,2.97121401752
556,22077,LA,"Pointe Coupee Parish, LA",0.214285714286,0.194406151098,0.377450980392,22077,0.99,"Pointe Coupee Parish, LA",0.267869739209,340,22499,22,77,,"Pointe Coupee Parish, LA",22077,22.0,384173,5.7,0.13491864831,LA,Louisiana,0.99,0.0928967689117,0.0792540675845,4.20218793987,5.56645807259
531,22017,LA,"Caddo Parish, LA",0.236607142857,0.176562530338,0.480392156863,22017,0.99,"Caddo Parish, LA",0.343071329698,153,254887,22,17,,"Caddo Parish, LA",22017,479.0,4287462,11.2,0.271088861076,LA,Louisiana,0.99,0.13153005197,0.124205256571,13.9558809106,14.6883604506
662,28025,MS,"Clay County, MS",0.34375,0.0918975593655,0.544117647059,28025,0.99,"Clay County, MS",0.185939467186,736,20408,28,25,,"Clay County, MS",28025,14.0,357878,Unreliable,0.0893617021277,MS,Mississippi,0.99,0.167672564195,0.203554443054,7.83108620672,11.4192740926
1405,51191,VA,"Washington County, VA",0.133928571429,0.222996718638,0.34068627451,51191,0.99,"Washington County, VA",0.0670778810832,2127,54907,51,191,,"Washington County, VA",51191,24.0,908100,2.6,0.0575719649562,VA,Virginia,0.99,0.0792041913035,0.0812265331665,2.16322263473,2.36545682103
686,28077,MS,"Lawrence County, MS",0.241071428571,0.160825582976,0.406862745098,28077,0.99,"Lawrence County, MS",0.0,3136,12514,28,77,,"Lawrence County, MS",28077,13.0,220205,Unreliable,0.139173967459,MS,Mississippi,0.99,0.108027442528,0.115294117647,3.11465249312,2.38798498123
1419,51700,VA,"Newport News city, VA",0.160714285714,0.244966312642,0.352941176471,51700,0.99,"Newport News city, VA",0.232694319222,466,182020,51,700,,"Newport News city, VA",51700,274.0,3094389,8.9,0.213016270338,VA,Virginia,0.99,0.0800944845371,0.0723904881101,13.2921785801,14.0625782228
1290,48259,TX,"Kendall County, TX",0.0669642857143,0.545735199891,0.154411764706,48259,0.99,"Kendall County, TX",0.0605823315135,2240,37766,48,259,,"Kendall County, TX",48259,10.0,521559,Unreliable,0.039549436796,TX,Texas,0.99,0.0322537158402,0.0127743012098,0.729572095584,2.67751355861
214,12023,FL,"Columbia County, FL",0.160714285714,0.198134089276,0.387254901961,12023,0.99,"Columbia County, FL",0.36517836346,119,67543,12,23,,"Columbia County, FL",12023,50.0,1084190,4.6,0.106883604506,FL,Florida,0.99,0.0952077999317,0.0712515644556,1.1675804574,3.56320400501
69,02170,AK,"Matanuska-Susitna Borough, AK",0.258928571429,0.521396811836,0.208333333333,2170,0.99,"Matanuska-Susitna Borough, AK",0.0357595873474,2613,95192,2,170,,"Matanuska-Susitna Borough, AK",2170,49.0,1355672,3.6,0.0818523153942,AK,Alaska,0.99,0.0454801839056,0.0684105131414,3.63721314887,1.34418022528
1073,42027,PA,"Centre County, PA",0.0982142857143,0.312506067608,0.345588235294,42027,0.99,"Centre County, PA",0.0545817309773,2324,155403,42,27,,"Centre County, PA",42027,15.0,2523758,Unreliable,0.00625782227785,PA,Pennsylvania,0.99,0.0752200913264,0.0926408010013,6.89622690486,8.63829787234
1473,54077,WV,"Preston County, WV",0.200892857143,0.202997883618,0.335784313725,54077,0.99,"Preston County, WV",0.149978974583,1036,33859,54,77,,"Preston County, WV",54077,15.0,545441,Unreliable,0.0603254067584,WV,West_Virginia,0.99,0.0780382006816,0.0551188986233,1.77127939231,0.520650813517
771,30063,MT,"Missoula County, MT",0.09375,0.214589441392,0.34068627451,30063,0.99,"Missoula County, MT",0.162709054132,924,111807,30,63,,"Missoula County, MT",30063,20.0,1786236,1.1,0.0195244055069,MT,Montana,0.99,0.0815551311075,0.0774718397997,6.20307256006,5.79474342929
640,26163,MI,"Wayne County, MI",0.227678571429,0.181455449197,0.588235294118,26163,0.99,"Wayne County, MI",0.594414638381,19,1775273,26,163,,"Wayne County, MI",26163,5411.0,32402356,16.7,0.409511889862,MI,Michigan,0.99,0.166716368938,0.285682102628,24.2795520924,12.3829787234
750,29143,MO,"New Madrid County, MO",0.196428571429,0.130982661204,0.482843137255,29143,0.99,"New Madrid County, MO",0.121543621873,1351,18365,29,143,,"New Madrid County, MO",29143,15.0,322696,Unreliable,0.10788485607,MO,Missouri,0.99,0.136872481517,0.103153942428,2.89876254465,0.473091364205
701,28107,MS,"Panola County, MS",0.308035714286,0.122546259441,0.480392156863,28107,0.99,"Panola County, MS",0.214118087091,554,34402,28,107,,"Panola County, MS",28107,48.0,587296,8.2,0.195994993742,MS,Mississippi,0.99,0.14067180321,0.0871088861076,5.53231905324,10.8886107635
1447,53067,WA,"Thurston County, WA",0.1875,0.382550531037,0.264705882353,53067,0.99,"Thurston County, WA",0.117822683702,1383,262388,53,67,,"Thurston County, WA",53067,38.0,4040159,0.9,0.0150187734668,WA,Washington,0.99,0.0546795099793,0.0603504380476,3.96607365125,4.53316645807
977,39089,OH,"Licking County, OH",0.116071428571,0.351678542997,0.276960784314,39089,0.99,"Licking County, OH",0.177975323929,796,168375,39,89,,"Licking County, OH",39089,49.0,2714720,1.8,0.0365456821026,OH,Ohio,0.99,0.0564081070991,0.0262327909887,1.98624249965,1.03128911139
160,06079,CA,"San Luis Obispo County, CA",0.129464285714,0.377327534318,0.31862745098,6079,0.99,"San Luis Obispo County, CA",0.182888212551,760,276443,6,79,,"San Luis Obispo County, CA",6079,31.0,4475945,0.7,0.00876095118899,CA,California,0.99,0.0650918995051,0.0664080100125,5.63309483161,5.76470588235
1171,47035,TN,"Cumberland County, TN",0.232142857143,0.160942081044,0.345588235294,47035,0.99,"Cumberland County, TN",0.235970884371,451,57466,47,35,,"Cumberland County, TN",47035,37.0,903733,4.1,0.0938673341677,TN,Tennessee,0.99,0.0865056331283,0.143729662078,0.736170103942,4.98623279099
361,15001,HI,"Hawaii County, HI",0.116071428571,0.31085567831,0.392156862745,15001,0.99,"Hawaii County, HI",0.123117288879,1337,190821,15,1,,"Hawaii County, HI",15001,33.0,2950295,1.1,0.0195244055069,HI,Hawaii,0.99,0.0884549085482,0.157772215269,6.89305030413,13.8247809762
30,01063,AL,"Greene County, AL",0.415178571429,0.024309263538,0.747549019608,1063,0.99,"Greene County, AL",0.504173549383,39,8744,1,63,,"Greene County, AL",1063,21.0,158808,13.2,0.322403003755,AL,Alabama,0.99,0.241455912967,0.328110137672,8.09470907881,0.57071339174
1345,48499,TX,"Wood County, TX",0.15625,0.221919111508,0.338235294118,48499,0.99,"Wood County, TX",0.0685905829209,2101,42306,48,499,,"Wood County, TX",48499,26.0,687058,3.8,0.0861076345432,TX,Texas,0.99,0.0775920935869,0.0759198998748,0.851554095632,1.01877346683
322,13185,GA,"Lowndes County, GA",0.183035714286,0.143729491486,0.580882352941,13185,0.99,"Lowndes County, GA",0.177914002788,797,112916,13,185,,"Lowndes County, GA",13185,67.0,1748701,3.8,0.0873591989987,GA,Georgia,0.99,0.168674829784,0.249987484355,8.13156307857,16.2628285357
623,26077,MI,"Kalamazoo County, MI",0.111607142857,0.285012523542,0.357843137255,26077,0.99,"Kalamazoo County, MI",0.209759802689,583,256725,26,77,,"Kalamazoo County, MI",26077,92.0,4206084,2.2,0.0463078848561,MI,Michigan,0.99,0.0804735563159,0.0984730913642,3.41656714598,5.21652065081
1489,55105,WI,"Rock County, WI",0.151785714286,0.303021183232,0.301470588235,55105,0.99,"Rock County, WI",0.133313176678,1224,160739,55,105,,"Rock County, WI",55105,42.0,2681088,1.6,0.030788485607,WI,Wisconsin,0.99,0.0623098115298,0.0803679599499,3.15213259228,4.95794743429
388,17115,IL,"Macon County, IL",0.227678571429,0.246665242801,0.389705882353,17115,0.99,"Macon County, IL",0.215497793664,546,109278,17,115,,"Macon County, IL",17115,75.0,1889282,4.0,0.0908635794743,IL,Illinois,0.99,0.0923067502476,0.101176470588,0.144317077321,1.03128911139
860,36089,NY,"St. Lawrence County, NY",0.245535714286,0.193357668485,0.392156862745,36089,0.99,"St. Lawrence County, NY",0.0618031020177,2223,111963,36,89,,"St. Lawrence County, NY",36089,14.0,1898556,Unreliable,0.0100125156446,NY,New_York,0.99,0.0989400064692,0.133967459324,8.89274908247,12.395494368
882,37037,NC,"Chatham County, NC",0.133928571429,0.349164126362,0.235294117647,37037,0.99,"Chatham County, NC",0.0868579313863,1816,66817,37,37,,"Chatham County, NC",37037,30.0,1014836,3.0,0.0655819774718,NC,North_Carolina,0.99,0.0480349110099,0.0378097622028,1.75470664619,2.77722152691
1132,45045,SC,"Greenville County, SC",0.142857142857,0.282731103043,0.308823529412,45045,0.99,"Greenville County, SC",0.322162189038,193,474266,45,45,,"Greenville County, SC",45045,311.0,7287947,4.3,0.0983729662078,SC,South_Carolina,0.99,0.064764539979,0.0433667083855,3.36084262287,5.50062578223
802,34027,NJ,"Morris County, NJ",0.116071428571,0.765586470691,0.105392156863,34027,0.99,"Morris County, NJ",0.0392215093421,2559,499397,34,27,,"Morris County, NJ",34027,28.0,8279355,0.3,0.0,NJ,New_Jersey,0.99,0.0326350342112,0.027425949103,3.26350342112,2.7425949103
1270,48183,TX,"Gregg County, TX",0.142857142857,0.249179659437,0.357843137255,48183,0.99,"Gregg County, TX",0.274881742789,318,123024,48,183,,"Gregg County, TX",48183,122.0,2005016,6.1,0.143679599499,TX,Texas,0.99,0.0819921943418,0.117371714643,6.16874051575,2.63078848561
782,32031,NV,"Washoe County, NV",0.200892857143,0.32583538823,0.308823529412,32031,0.99,"Washoe County, NV",0.209715367586,585,433731,32,31,,"Washoe County, NV",32031,168.0,6773876,2.5,0.0535669586984,NV,Nevada,0.99,0.0633330858256,0.0764956195244,0.976612712723,2.2928660826
950,37195,NC,"Wilson County, NC",0.34375,0.178455623944,0.414215686275,37195,0.99,"Wilson County, NC",0.22344171985,505,81667,37,195,,"Wilson County, NC",37195,84.0,1330667,6.3,0.149436795995,NC,North_Carolina,0.99,0.111188207998,0.114292866083,3.82485879971,3.51439299124
1047,41017,OR,"Deschutes County, OR",0.183035714286,0.330242898472,0.281862745098,41017,0.99,"Deschutes County, OR",0.129123894051,1276,165954,41,17,,"Deschutes County, OR",41017,26.0,2483395,1.0,0.0177722152691,OR,Oregon,0.99,0.0574527725126,0.0834793491865,3.96805572436,6.57071339174
1375,51067,VA,"Franklin County, VA",0.129464285714,0.254577403258,0.254901960784,51067,0.99,"Franklin County, VA",0.0604247206716,2243,56335,51,67,,"Franklin County, VA",51067,25.0,900949,2.8,0.0608260325407,VA,Virginia,0.99,0.0526675689256,0.029436795995,0.815846361507,3.13892365457
1101,42111,PA,"Somerset County, PA",0.223214285714,0.20109508184,0.296568627451,42111,0.99,"Somerset County, PA",0.0736562370049,2033,76520,42,111,,"Somerset County, PA",42111,18.0,1331298,Unreliable,0.0252816020025,PA,Pennsylvania,0.99,0.0656352536597,0.0745682102628,4.03536516572,4.92866082603
964,39041,OH,"Delaware County, OH",0.0758928571429,0.726025668408,0.0882352941176,39041,0.99,"Delaware County, OH",0.0419329569286,2524,184979,39,41,,"Delaware County, OH",39041,15.0,2640677,Unreliable,0.00575719649562,OH,Ohio,0.99,0.0285032502278,0.0108552357113,2.27460537322,0.509803921569
657,28007,MS,"Attala County, MS",0.258928571429,0.0979942915947,0.441176470588,28007,0.99,"Attala County, MS",0.0519991135781,2368,19317,28,7,,"Attala County, MS",28007,38.0,330347,11.5,0.279349186483,MS,Mississippi,0.99,0.128529839993,0.241602002503,15.081934649,3.774718398
284,13073,GA,"Columbia County, GA",0.142857142857,0.508106323903,0.196078431373,13073,0.99,"Columbia County, GA",0.0317310073061,2668,135416,13,73,,"Columbia County, GA",13073,27.0,1941085,1.4,0.026282853567,GA,Georgia,0.99,0.0415056380865,0.0636295369212,1.52227845195,3.73466833542
171,06103,CA,"Tehama County, CA",0.272321428571,0.168902782362,0.475490196078,6103,0.99,"Tehama County, CA",0.313280290008,213,63057,6,103,,"Tehama County, CA",6103,25.0,1033497,2.4,0.0520650813517,CA,California,0.99,0.131940553701,0.0771589486859,7.98754723489,2.50938673342
104,05057,AR,"Hempstead County, AR",0.142857142857,0.113255538512,0.482843137255,5057,0.99,"Hempstead County, AR",0.362523024243,122,22474,5,57,,"Hempstead County, AR",5057,20.0,388147,5.2,0.120400500626,AR,Arkansas,0.99,0.137398185831,0.238998748436,1.6997685205,11.859824781
1062,41071,OR,"Yamhill County, OR",0.15625,0.290390851018,0.274509803922,41071,0.99,"Yamhill County, OR",0.0703606041725,2080,100725,41,71,,"Yamhill County, OR",41071,20.0,1601632,1.2,0.0227784730914,OR,Oregon,0.99,0.0564766785249,0.0701627033792,3.36982054335,4.73842302879
661,28021,MS,"Claiborne County, MS",0.477678571429,0.03946372056,0.953431372549,28021,0.99,"Claiborne County, MS",0.162833709643,923,9253,28,21,,"Claiborne County, MS",28021,30.0,174816,17.2,0.421026282854,MS,Mississippi,0.99,0.298967098532,0.289445139758,12.2059184322,13.1581143096
1272,48187,TX,"Guadalupe County, TX",0.0758928571429,0.401510591616,0.210784313725,48187,0.99,"Guadalupe County, TX",0.107957153898,1501,143183,48,187,,"Guadalupe County, TX",48187,31.0,1998465,1.6,0.0302878598248,TX,Texas,0.99,0.0427703497099,0.0314977054652,1.24824898852,0.120984564038
195,09003,CT,"Hartford County, CT",0.183035714286,0.450129118692,0.252450980392,9003,0.99,"Hartford County, CT",0.170528747129,854,898272,9,3,,"Hartford County, CT",9003,441.0,14989591,2.9,0.0650813516896,CT,Connecticut,0.99,0.0528325737191,0.0353942428035,1.22487779705,2.96871088861
265,13017,GA,"Ben Hill County, GA",0.321428571429,0.0765198143797,0.686274509804,13017,0.99,"Ben Hill County, GA",0.283558702228,292,17515,13,17,,"Ben Hill County, GA",13017,23.0,296664,7.8,0.185481852315,GA,Georgia,0.99,0.214361605878,0.167909887359,2.88797535628,1.75719649562
780,32019,NV,"Lyon County, NV",0.334821428571,0.281925324738,0.281862745098,32019,0.99,"Lyon County, NV",0.16560250702,893,51557,32,19,,"Lyon County, NV",32019,24.0,786330,3.1,0.0678347934919,NV,Nevada,0.99,0.0641301815644,0.0478097622028,0.370461192747,2.00250312891
589,24013,MD,"Carroll County, MD",0.107142857143,0.59813991418,0.125,24013,0.99,"Carroll County, MD",0.101906954417,1596,167564,24,13,,"Carroll County, MD",24013,23.0,2776297,0.8,0.0122653316646,MD,Maryland,0.99,0.0286329527291,0.0260992907801,1.63676210645,1.38339591156
257,12121,FL,"Suwannee County, FL",0.160714285714,0.140516086442,0.46568627451,12121,0.99,"Suwannee County, FL",0.197776921497,661,43734,12,121,,"Suwannee County, FL",12121,24.0,674599,3.6,0.0806007509387,FL,Florida,0.99,0.128533935373,0.166533166458,4.79331844338,8.59324155194
766,30013,MT,"Cascade County, MT",0.0982142857143,0.220404636623,0.299019607843,30013,0.99,"Cascade County, MT",0.132085411011,1243,82384,30,13,,"Cascade County, MT",30013,28.0,1373913,2.0,0.0425531914894,MT,Montana,0.99,0.0684028322026,0.0714893617021,2.58496407132,2.89361702128
533,22027,LA,"Claiborne Parish, LA",0.245535714286,0.105294837194,0.602941176471,22027,0.99,"Claiborne Parish, LA",0.251368087374,387,16650,22,27,,"Claiborne Parish, LA",22027,10.0,286903,Unreliable,0.0788485607009,LA,Louisiana,0.99,0.182537766313,0.184555694618,10.3689205613,10.5707133917
710,28129,MS,"Smith County, MS",0.15625,0.172252101819,0.384803921569,28129,0.99,"Smith County, MS",0.0,3003,16225,28,129,,"Smith County, MS",28129,15.0,276569,Unreliable,0.127158948686,MS,Mississippi,0.99,0.0966129798565,0.0739674593242,3.05459688294,5.31914893617
124,05133,AR,"Sevier County, AR",0.196428571429,0.184008698522,0.404411764706,5133,0.99,"Sevier County, AR",0.099615062623,1628,17366,5,133,,"Sevier County, AR",5133,12.0,280597,Unreliable,0.0986232790989,AR,Arkansas,0.99,0.10280081259,0.088085106383,0.417753349084,1.05381727159
1218,47155,TN,"Sevier County, TN",0.1875,0.185358134478,0.296568627451,47155,0.99,"Sevier County, TN",0.186072023109,734,93570,47,155,,"Sevier County, TN",47155,22.0,1431525,1.5,0.0300375469337,TN,Tennessee,0.99,0.0665247843797,0.0368961201502,3.6487237446,0.685857321652
347,13275,GA,"Thomas County, GA",0.241071428571,0.170426965419,0.441176470588,13275,0.99,"Thomas County, GA",0.190286577676,705,44869,13,275,,"Thomas County, GA",13275,26.0,746123,3.5,0.0785982478098,GA,Georgia,0.99,0.118777155638,0.118823529412,4.01789078285,4.0225281602
488,21083,KY,"Graves County, KY",0.191964285714,0.161359532454,0.311274509804,21083,0.99,"Graves County, KY",0.0774823956479,1973,37451,21,83,,"Graves County, KY",21083,17.0,630390,Unreliable,0.0590738423029,KY,Kentucky,0.99,0.0739143788107,0.06112640801,1.48405365078,0.205256570713
384,17097,IL,"Lake County, IL",0.15625,0.575364541871,0.198529411765,17097,0.99,"Lake County, IL",0.0842986402414,1855,703019,17,97,,"Lake County, IL",17097,133.0,11640588,1.1,0.0200250312891,IL,Illinois,0.99,0.0425780816243,0.0664080100125,2.25530503352,4.63829787234
1056,41047,OR,"Marion County, OR",0.1875,0.278906083141,0.355392156863,41047,0.99,"Marion County, OR",0.131571053322,1249,323614,41,47,,"Marion County, OR",41047,100.0,5207537,1.9,0.039549436796,OR,Oregon,0.99,0.0779701682348,0.154818523154,3.84207314388,11.5269086358
1090,42079,PA,"Luzerne County, PA",0.209821428571,0.259159660602,0.330882352941,42079,0.99,"Luzerne County, PA",0.156897448179,973,320103,42,79,,"Luzerne County, PA",42079,115.0,5414563,2.1,0.0445556946183,PA,Pennsylvania,0.99,0.0717564056066,0.113842302879,2.72007109883,6.92866082603
528,22011,LA,"Beauregard Parish, LA",0.200892857143,0.245733258257,0.414215686275,22011,0.99,"Beauregard Parish, LA",0.101834413047,1597,36167,22,11,,"Beauregard Parish, LA",22011,15.0,588660,Unreliable,0.0553191489362,LA,Louisiana,0.99,0.100221324109,0.182728410513,4.49021751727,12.7409261577
729,29021,MO,"Buchanan County, MO",0.125,0.246587577423,0.365196078431,29021,0.99,"Buchanan County, MO",0.213549713583,557,89631,29,21,,"Buchanan County, MO",29021,28.0,1490580,1.9,0.0385481852315,MO,Missouri,0.99,0.0851312007864,0.118523153942,4.65830155548,7.99749687109
700,28105,MS,"Oktibbeha County, MS",0.191964285714,0.146758441256,0.551470588235,28105,0.99,"Oktibbeha County, MS",0.0898903720219,1773,49043,28,105,,"Oktibbeha County, MS",28105,29.0,778870,3.7,0.0846057571965,MS,Mississippi,0.99,0.159163061668,0.408235294118,7.45573044719,32.3629536921
1089,42077,PA,"Lehigh County, PA",0.15625,0.324816030134,0.262254901961,42077,0.99,"Lehigh County, PA",0.14489491621,1094,355092,42,77,,"Lehigh County, PA",42077,134.0,5734643,2.3,0.0500625782228,PA,Pennsylvania,0.99,0.0533740058001,0.0518397997497,0.331142757737,0.177722152691
954,39003,OH,"Allen County, OH",0.133928571429,0.256324874279,0.321078431373,39003,0.99,"Allen County, OH",0.29624757263,261,105298,39,3,,"Allen County, OH",39003,53.0,1813864,2.9,0.0645807259074,OH,Ohio,0.99,0.0708124077204,0.0564455569462,0.623168181305,0.81351689612
506,21151,KY,"Madison County, KY",0.116071428571,0.227637225016,0.387254901961,21151,0.99,"Madison County, KY",0.0912784221987,1749,85590,21,151,,"Madison County, KY",21151,22.0,1354426,1.6,0.0320400500626,KY,Kentucky,0.99,0.0935612026356,0.0662077596996,6.1521152573,3.4167709637
541,22043,LA,"Grant Parish, LA",0.245535714286,0.19943498437,0.426470588235,22043,0.99,"Grant Parish, LA",0.030396939841,2683,22030,22,43,,"Grant Parish, LA",22043,12.0,354408,Unreliable,0.0763454317897,LA,Louisiana,0.99,0.110116007314,0.132090112641,3.37705755241,5.57446808511
930,37147,NC,"Pitt County, NC",0.191964285714,0.184600897035,0.583333333333,37147,0.99,"Pitt County, NC",0.222877982793,509,174263,37,147,,"Pitt County, NC",37147,130.0,2651515,4.9,0.114142678348,NC,North_Carolina,0.99,0.163886213111,0.266307884856,4.97435347631,15.2165206508
582,23019,ME,"Penobscot County, ME",0.129464285714,0.211181872901,0.370098039216,23019,0.99,"Penobscot County, ME",0.050577165691,2384,153364,23,19,,"Penobscot County, ME",23019,26.0,2562273,1.0,0.0167709637046,ME,Maine,0.99,0.0891221724779,0.0821526908636,7.23512087733,6.53817271589
1259,48141,TX,"El Paso County, TX",0.151785714286,0.196173038464,0.460784313725,48141,0.99,"El Paso County, TX",0.218436759728,535,827718,48,141,,"El Paso County, TX",48141,175.0,12894270,1.4,0.0255319148936,TX,Texas,0.99,0.120049024445,0.120675844806,9.45171095515,9.51439299124
1328,48451,TX,"Tom Green County, TX",0.102678571429,0.241364580704,0.31862745098,48451,0.99,"Tom Green County, TX",0.152914821108,1011,114954,48,451,,"Tom Green County, TX",48451,40.0,1844242,2.2,0.0458072590738,TX,Texas,0.99,0.0725352023876,0.0529662077597,2.67279433137,0.715894868586
1043,40145,OK,"Wagoner County, OK",0.107142857143,0.340310273188,0.208333333333,40145,0.99,"Wagoner County, OK",0.136376319011,1183,75700,40,145,,"Wagoner County, OK",40145,37.0,1150381,3.2,0.0720901126408,OK,Oklahoma,0.99,0.042723827557,0.0268251981644,2.93662850838,4.52649144764
815,35015,NM,"Eddy County, NM",0.138392857143,0.364182668971,0.232843137255,35015,0.99,"Eddy County, NM",0.317895369883,203,55471,35,15,,"Eddy County, NM",35015,53.0,899904,5.9,0.138923654568,NM,New_Mexico,0.99,0.047986082596,0.0691364205257,9.09375719722,6.97872340426
872,37015,NC,"Bertie County, NC",0.241071428571,0.0880822476361,0.473039215686,37015,0.99,"Bertie County, NC",0.0850331880069,1848,20344,37,15,,"Bertie County, NC",37015,12.0,345976,Unreliable,0.0783479349186,NC,North_Carolina,0.99,0.140324068093,0.181451814768,6.19761331748,10.310387985
1120,45021,SC,"Cherokee County, SC",0.236607142857,0.13789487991,0.416666666667,45021,0.99,"Cherokee County, SC",0.174745462862,822,55885,45,21,,"Cherokee County, SC",45021,48.0,925181,5.2,0.12140175219,SC,South_Carolina,0.99,0.114208944171,0.123395911556,0.719280801917,0.199415936587
390,17141,IL,"Ogle County, IL",0.191964285714,0.333708715997,0.210784313725,17141,0.99,"Ogle County, IL",0.0245010108639,2776,52385,17,141,,"Ogle County, IL",17141,16.0,892669,Unreliable,0.0362953692115,IL,Illinois,0.99,0.0445129211701,0.0377722152691,0.821755195855,0.147684605757
1135,45051,SC,"Horry County, SC",0.236607142857,0.23483098072,0.370098039216,45051,0.99,"Horry County, SC",0.344667173603,148,289650,45,51,,"Horry County, SC",45051,205.0,4204232,4.9,0.113642052566,SC,South_Carolina,0.99,0.0869192809358,0.0960450563204,2.67227716299,1.75969962453
1467,54055,WV,"Mercer County, WV",0.245535714286,0.120847329282,0.424019607843,54055,0.99,"Mercer County, WV",0.204366342849,613,61984,54,55,,"Mercer County, WV",54055,64.0,1054064,6.1,0.143429286608,WV,West_Virginia,0.99,0.119220346559,0.152640801001,2.4208940049,0.921151439299
447,19155,IA,"Pottawattamie County, IA",0.0848214285714,0.291565539871,0.279411764706,19155,0.99,"Pottawattamie County, IA",0.487458043593,42,92728,19,155,,"Pottawattamie County, IA",19155,29.0,1545436,1.9,0.0385481852315,IA,Iowa,0.99,0.0582194878076,0.0366708385482,1.9671302576,0.187734668335
915,37109,NC,"Lincoln County, NC",0.160714285714,0.256771450207,0.274509803922,37109,0.99,"Lincoln County, NC",0.0734811902922,2035,79740,37,109,,"Lincoln County, NC",37109,41.0,1241248,3.3,0.0740926157697,NC,North_Carolina,0.99,0.056810793791,0.06112640801,1.72818219788,1.29662077597
653,27171,MN,"Wright County, MN",0.0848214285714,0.519513426402,0.0980392156863,27171,0.99,"Wright County, MN",0.0351840970402,2620,128470,27,171,,"Wright County, MN",27171,14.0,1937633,Unreliable,0.00951188986233,MN,Minnesota,0.99,0.0228887407556,0.0113892365457,1.33768508933,0.187734668335
745,29101,MO,"Johnson County, MO",0.160714285714,0.205958876182,0.338235294118,29101,0.99,"Johnson County, MO",0.0787379257843,1949,54572,29,101,,"Johnson County, MO",29101,15.0,878111,Unreliable,0.0342928660826,MO,Missouri,0.99,0.0785968959042,0.0505882352941,4.43040298216,1.62953692115
824,35043,NM,"Sandoval County, NM",0.21875,0.387734695066,0.227941176471,35043,0.99,"Sandoval County, NM",0.145459437533,1088,136575,35,43,,"Sandoval County, NM",35043,46.0,1981066,2.3,0.0495619524406,NM,New_Mexico,0.99,0.0489497180215,0.062469753859,0.0612234419069,1.29078014184
909,37097,NC,"Iredell County, NC",0.165178571429,0.319923111275,0.316176470588,37097,0.99,"Iredell County, NC",0.161118697853,943,164517,37,97,,"Iredell County, NC",37097,86.0,2508100,3.4,0.0773466833542,NC,North_Carolina,0.99,0.0652147595786,0.0650312891114,1.21319237756,1.23153942428
48,01101,AL,"Montgomery County, AL",0.196428571429,0.191949983496,0.497549019608,1101,0.99,"Montgomery County, AL",0.22133486927,515,226659,1,101,,"Montgomery County, AL",1101,479.0,3843739,12.5,0.30337922403,AL,Alabama,0.99,0.1342628899,0.203204005006,16.911633413,10.0175219024
595,24027,MD,"Howard County, MD",0.0892857142857,0.847814690406,0.100490196078,24027,0.99,"Howard County, MD",0.106264872691,1528,304580,24,27,,"Howard County, MD",24027,67.0,4718677,1.4,0.0270337922403,MD,Maryland,0.99,0.0391625730129,0.013934084272,1.21287807726,1.30997079683
876,37023,NC,"Burke County, NC",0.169642857143,0.192386851251,0.352941176471,37023,0.99,"Burke County, NC",0.100002205865,1624,89842,37,23,,"Burke County, NC",37023,52.0,1527459,3.4,0.0765957446809,NC,North_Carolina,0.99,0.084410375291,0.0717021276596,0.781463061019,0.489361702128
1382,51089,VA,"Henry County, VA",0.205357142857,0.133982486457,0.406862745098,51089,0.99,"Henry County, VA",0.199386101318,649,52617,51,89,,"Henry County, VA",51089,68.0,936233,7.3,0.173216520651,VA,Virginia,0.99,0.110281969591,0.103679599499,6.29345510598,6.95369211514
811,35005,NM,"Chaves County, NM",0.200892857143,0.15893248937,0.426470588235,35005,0.99,"Chaves County, NM",0.306897968353,237,65823,35,5,,"Chaves County, NM",35005,112.0,1080373,10.4,0.251063829787,NM,New_Mexico,0.99,0.113814736358,0.0896871088861,13.7249093429,16.1376720901
478,21045,KY,"Casey County, KY",0.169642857143,0.10370269693,0.485294117647,21045,0.99,"Casey County, KY",0.0347318823636,2624,16067,21,45,,"Casey County, KY",21045,10.0,268755,Unreliable,0.0846057571965,KY,Kentucky,0.99,0.140343897564,0.124255319149,5.57381403676,3.96495619524
1091,42081,PA,"Lycoming County, PA",0.1875,0.262576937266,0.316176470588,42081,0.99,"Lycoming County, PA",0.101327471951,1609,116754,42,81,,"Lycoming County, PA",42081,25.0,1996120,1.3,0.0227784730914,PA,Pennsylvania,0.99,0.0665757671592,0.0652315394243,4.37972940678,4.24530663329
596,24031,MD,"Montgomery County, MD",0.09375,0.732190357843,0.161764705882,24031,0.99,"Montgomery County, MD",0.103080307221,1579,1016677,24,31,,"Montgomery County, MD",24031,210.0,16091082,1.3,0.024280350438,MD,Maryland,0.99,0.040232186315,0.0179974968711,1.59518358769,0.628285356696
285,13075,GA,"Cook County, GA",0.21875,0.112721589034,0.473039215686,13075,0.99,"Cook County, GA",0.120985437118,1354,17066,13,75,,"Cook County, GA",13075,14.0,282414,Unreliable,0.115644555695,GA,Georgia,0.99,0.136484635304,0.152090112641,2.0840079609,3.64455569462
1241,48041,TX,"Brazos County, TX",0.0669642857143,0.212346853581,0.546568627451,48041,0.99,"Brazos County, TX",0.23374693254,463,203164,48,41,,"Brazos County, TX",48041,55.0,3068647,1.8,0.0362953692115,TX,Texas,0.99,0.147321187161,0.14816020025,11.102581795,11.1864831039
10,01021,AL,"Chilton County, AL",0.174107142857,0.192930508902,0.416666666667,1021,0.99,"Chilton County, AL",0.198070114441,660,43951,1,21,,"Chilton County, AL",1021,27.0,718998,3.8,0.085607008761,AL,Alabama,0.99,0.105611296442,0.0916645807259,2.00042876814,0.605757196496
919,37119,NC,"Mecklenburg County, NC",0.160714285714,0.331388462808,0.330882352941,37119,0.99,"Mecklenburg County, NC",0.310784917555,223,990977,37,119,,"Mecklenburg County, NC",37119,941.0,14520756,6.5,0.153692115144,NC,North_Carolina,0.99,0.0682914428917,0.0726908635795,8.54006722522,8.10012515645
112,05085,AR,"Lonoke County, AR",0.107142857143,0.323728714832,0.242647058824,5085,0.99,"Lonoke County, AR",0.174305274728,827,70753,5,85,,"Lonoke County, AR",5085,33.0,1071073,3.1,0.0685857321652,AR,Arkansas,0.99,0.0493369407307,0.0284939507718,1.92487914345,4.00917813934
626,26091,MI,"Lenawee County, MI",0.142857142857,0.253567753335,0.311274509804,26091,0.99,"Lenawee County, MI",0.114771524157,1419,99188,26,91,,"Lenawee County, MI",26091,17.0,1700579,Unreliable,0.0165206508135,MI,Michigan,0.99,0.067689459738,0.060225281602,5.11688089245,4.37046307885
689,28083,MS,"Leflore County, MS",0.397321428571,0.0352018329029,0.892156862745,28083,0.99,"Leflore County, MS",0.368999794858,113,31607,28,83,,"Leflore County, MS",28083,75.0,574798,13.0,0.318147684606,MS,Mississippi,0.99,0.284352459256,0.251664580726,3.37952253495,6.64831038798
1379,51083,VA,"Halifax County, VA",0.205357142857,0.17026192649,0.321078431373,51083,0.99,"Halifax County, VA",0.0945798967315,1699,35401,51,83,,"Halifax County, VA",51083,25.0,617321,4.0,0.0928660826033,VA,Virginia,0.99,0.0763595749255,0.0697559449312,1.65065076778,2.31101376721
337,13233,GA,"Polk County, GA",0.214285714286,0.16026250898,0.424019607843,13233,0.99,"Polk County, GA",0.238483206868,441,41183,13,233,,"Polk County, GA",13233,36.0,683998,5.3,0.123153942428,GA,Georgia,0.99,0.113221636657,0.0775969962453,0.99323057706,4.55569461827
1440,53045,WA,"Mason County, WA",0.272321428571,0.303681338951,0.357843137255,53045,0.99,"Mason County, WA",0.149432234556,1045,60497,53,45,,"Mason County, WA",53045,27.0,961489,2.8,0.0618272841051,WA,Washington,0.99,0.0791578952645,0.166783479349,1.73306111594,10.4956195244
1340,48481,TX,"Wharton County, TX",0.116071428571,0.21653107586,0.352941176471,48481,0.99,"Wharton County, TX",0.22339899647,506,41216,48,481,,"Wharton County, TX",48481,19.0,698728,Unreliable,0.0595744680851,TX,Texas,0.99,0.0841374776978,0.0428285356696,2.45630096127,1.67459324155
1263,48157,TX,"Fort Bend County, TX",0.111607142857,0.701153330874,0.147058823529,48157,0.99,"Fort Bend County, TX",0.138148123135,1161,652365,48,157,,"Fort Bend County, TX",48157,269.0,8787299,3.1,0.068085106383,TX,Texas,0.99,0.0355868781097,0.0272090112641,3.24982282733,4.08760951189
510,21179,KY,"Nelson County, KY",0.142857142857,0.281041881055,0.245098039216,21179,0.99,"Nelson County, KY",0.0626444941437,2209,44540,21,179,,"Nelson County, KY",21179,17.0,706161,Unreliable,0.0518147684606,KY,Kentucky,0.99,0.0501219999753,0.0446508135169,0.169276848531,0.716395494368
747,29113,MO,"Lincoln County, MO",0.151785714286,0.307651981438,0.225490196078,29113,0.99,"Lincoln County, MO",0.0942840345285,1705,53860,29,113,,"Lincoln County, MO",29113,17.0,820785,Unreliable,0.0433041301627,MO,Missouri,0.99,0.0457478549671,0.0629370045891,0.244372480445,1.96328744264
253,12113,FL,"Santa Rosa County, FL",0.133928571429,0.353328932295,0.252450980392,12113,0.99,"Santa Rosa County, FL",0.0848680927708,1849,161096,12,113,,"Santa Rosa County, FL",12113,44.0,2435117,1.8,0.0367959949937,FL,Florida,0.99,0.0510325334559,0.0331163954944,1.42365384622,0.367959949937
998,39165,OH,"Warren County, OH",0.102678571429,0.567821291964,0.102941176471,39165,0.99,"Warren County, OH",0.0473583903894,2434,219169,39,165,,"Warren County, OH",39165,24.0,3355794,0.7,0.00951188986233,OH,Ohio,0.99,0.0243980631922,0.0181894034209,1.48861733299,0.867751355861
1246,48067,TX,"Cass County, TX",0.223214285714,0.159019862921,0.404411764706,48067,0.99,"Cass County, TX",0.16926384939,867,30331,48,67,,"Cass County, TX",48067,23.0,513890,4.5,0.103629536921,TX,Texas,0.99,0.106827933665,0.111013767209,0.319839674384,0.738423028786
1441,53047,WA,"Okanogan County, WA",0.232142857143,0.183969865833,0.421568627451,53047,0.99,"Okanogan County, WA",0.117857967108,1382,41193,53,47,,"Okanogan County, WA",53047,18.0,681251,Unreliable,0.0575719649562,WA,Washington,0.99,0.109936148576,0.104455569462,5.23641836195,4.68836045056
1032,40115,OK,"Ottawa County, OK",0.147321428571,0.12884686329,0.509803921569,40115,0.99,"Ottawa County, OK",0.148832982564,1052,32245,40,115,,"Ottawa County, OK",40115,12.0,550858,Unreliable,0.046057571965,OK,Oklahoma,0.99,0.145233805378,0.208961201502,9.91762334135,16.2903629537
1296,48309,TX,"McLennan County, TX",0.102678571429,0.226879987574,0.438725490196,48309,0.99,"McLennan County, TX",0.235249076594,453,241481,48,309,,"McLennan County, TX",48309,164.0,3874305,4.2,0.0973717146433,TX,Texas,0.99,0.109491586921,0.107221526909,1.21198722779,0.984981226533
1088,42075,PA,"Lebanon County, PA",0.120535714286,0.290614138982,0.237745098039,42075,0.99,"Lebanon County, PA",0.120268403349,1365,135486,42,75,,"Lebanon County, PA",42075,33.0,2191977,1.5,0.0292866082603,PA,Pennsylvania,0.99,0.0485214401961,0.011464330413,1.92348319358,1.78222778473
336,13231,GA,"Pike County, GA",0.174107142857,0.323660757626,0.227941176471,13231,0.99,"Pike County, GA",0.0344931933773,2630,17796,13,231,,"Pike County, GA",13231,10.0,277643,Unreliable,0.0816020025031,GA,Georgia,0.99,0.0469372225353,0.0718397997497,3.46647799678,0.976220275344
1459,54035,WV,"Jackson County, WV",0.241071428571,0.211453701726,0.294117647059,54035,0.99,"Jackson County, WV",0.0306004334184,2681,29178,54,35,,"Jackson County, WV",54035,11.0,489389,Unreliable,0.0478097622028,WV,West_Virginia,0.99,0.0645593595938,0.0496871088861,1.67495973911,0.187734668335
527,22009,LA,"Avoyelles Parish, LA",0.254464285714,0.115614624391,0.522058823529,22009,0.99,"Avoyelles Parish, LA",0.433739137542,65,41299,22,9,,"Avoyelles Parish, LA",22009,17.0,706224,Unreliable,0.0518147684606,LA,Louisiana,0.99,0.15467225096,0.112190237797,10.28574825,6.03754693367
545,22053,LA,"Jefferson Davis Parish, LA",0.196428571429,0.201764945731,0.411764705882,22053,0.99,"Jefferson Davis Parish, LA",0.0802264206399,1921,31301,22,53,,"Jefferson Davis Parish, LA",22053,29.0,533506,5.4,0.127659574468,LA,Louisiana,0.99,0.103247635502,0.117346683354,2.44119389665,1.03128911139
1038,40131,OK,"Rogers County, OK",0.116071428571,0.391909209172,0.208333333333,40131,0.99,"Rogers County, OK",0.100271713592,1621,89044,40,131,,"Rogers County, OK",40131,18.0,1395349,Unreliable,0.0237797246558,OK,Oklahoma,0.99,0.0439200526573,0.0284856070088,2.01403280015,0.470588235294
904,37085,NC,"Harnett County, NC",0.21875,0.246655534629,0.384803921569,37085,0.99,"Harnett County, NC",0.141979417841,1118,124987,37,85,,"Harnett County, NC",37085,85.0,1830374,4.6,0.107634543179,NC,North_Carolina,0.99,0.0906424000081,0.12703379224,1.69921431709,1.93992490613
757,29169,MO,"Pulaski County, MO",0.178571428571,0.231656408365,0.328431372549,29169,0.99,"Pulaski County, MO",0.221146672969,517,53748,29,169,,"Pulaski County, MO",29169,11.0,815485,Unreliable,0.0252816020025,MO,Missouri,0.99,0.0730710055146,0.0573884021694,4.77894035121,3.21068001669
459,20111,KS,"Lyon County, KS",0.111607142857,0.161815816554,0.362745098039,20111,0.99,"Lyon County, KS",0.118235266854,1376,33510,20,111,,"Lyon County, KS",20111,15.0,593902,Unreliable,0.0548185231539,KS,Kansas,0.99,0.0913760331936,0.0749937421777,3.65575100397,2.01752190238
61,01127,AL,"Walker County, AL",0.245535714286,0.139904471584,0.433823529412,1127,0.99,"Walker County, AL",0.247742183266,400,65998,1,127,,"Walker County, AL",1127,37.0,1155639,3.2,0.0715894868586,AL,Alabama,0.99,0.120224301826,0.181952440551,4.86348149671,11.0362953692
1126,45033,SC,"Dillon County, SC",0.303571428571,0.0796070131837,0.649509803922,45033,0.99,"Dillon County, SC",0.650438771751,11,31229,45,33,,"Dillon County, SC",45033,44.0,532036,8.3,0.198498122653,SC,South_Carolina,0.99,0.202143135135,0.137496871089,0.364501248195,6.10012515645
14,01031,AL,"Coffee County, AL",0.183035714286,0.232646641943,0.333333333333,1031,0.99,"Coffee County, AL",0.190620881831,702,50938,1,31,,"Coffee County, AL",1031,17.0,806326,Unreliable,0.0443053817272,AL,Alabama,0.99,0.0746333170065,0.057304964539,3.03279352793,1.29995828118
107,05067,AR,"Jackson County, AR",0.254464285714,0.0939459837291,0.546568627451,5067,0.99,"Jackson County, AR",0.202749803299,631,17615,5,67,,"Jackson County, AR",5067,14.0,305511,Unreliable,0.106132665832,AR,Arkansas,0.99,0.166336726764,0.105381727159,6.02040609319,0.0750938673342
1341,48485,TX,"Wichita County, TX",0.111607142857,0.218783371842,0.40931372549,48485,0.99,"Wichita County, TX",0.240039609712,435,132047,48,485,,"Wichita County, TX",48485,71.0,2231373,3.2,0.0710888610763,TX,Texas,0.99,0.101007932151,0.125056320401,2.99190710742,5.39674593242
339,13247,GA,"Rockdale County, GA",0.209821428571,0.277809059666,0.333333333333,13247,0.99,"Rockdale County, GA",0.199668144903,646,86919,13,247,,"Rockdale County, GA",13247,51.0,1364450,3.7,0.0851063829787,GA,Georgia,0.99,0.0713141042962,0.0676595744681,1.37922786825,1.74468085106
452,20037,KS,"Crawford County, KS",0.147321428571,0.148001087315,0.392156862745,20037,0.99,"Crawford County, KS",0.184695834849,746,39278,20,37,,"Crawford County, KS",20037,18.0,660366,Unreliable,0.0598247809762,KS,Kansas,0.99,0.101574708575,0.0771214017522,4.17499275987,1.7296620776
1395,51155,VA,"Pulaski County, VA",0.147321428571,0.245849756325,0.294117647059,51155,0.99,"Pulaski County, VA",0.116436303005,1394,34507,51,155,,"Pulaski County, VA",51155,14.0,591879,Unreliable,0.0508135168961,VA,Virginia,0.99,0.0629191306406,0.0524405506884,1.21056137445,0.162703379224
547,22057,LA,"Lafourche Parish, LA",0.160714285714,0.29695357552,0.279411764706,22057,0.99,"Lafourche Parish, LA",0.103402978868,1572,97141,22,57,,"Lafourche Parish, LA",22057,55.0,1602582,3.4,0.0773466833542,LA,Louisiana,0.99,0.0574683225196,0.0543429286608,1.98783608346,2.30037546934
368,16027,ID,"Canyon County, ID",0.142857142857,0.210579966216,0.343137254902,16027,0.99,"Canyon County, ID",0.120939711331,1356,198871,16,27,,"Canyon County, ID",16027,48.0,2923155,1.6,0.0325406758448,ID,Idaho,0.99,0.0804890242839,0.0728660826033,4.79483484391,4.03254067584
260,12131,FL,"Walton County, FL",0.129464285714,0.242519853212,0.299019607843,12131,0.99,"Walton County, FL",0.201541667761,638,59807,12,131,,"Walton County, FL",12131,17.0,874139,Unreliable,0.0400500625782,FL,Florida,0.99,0.0654070844309,0.0601627033792,2.53570218527,2.0112640801
1279,48217,TX,"Hill County, TX",0.125,0.214269071705,0.367647058824,48217,0.99,"Hill County, TX",0.150634616397,1030,34823,48,217,,"Hill County, TX",48217,15.0,581051,Unreliable,0.0560700876095,TX,Texas,0.99,0.0883452568876,0.0914242803504,3.22751692781,3.53541927409
228,12057,FL,"Hillsborough County, FL",0.142857142857,0.279750694134,0.360294117647,12057,0.99,"Hillsborough County, FL",0.197450699338,662,1291578,12,57,,"Hillsborough County, FL",12057,690.0,19894972,3.5,0.0783479349186,FL,Florida,0.99,0.0803097569822,0.131864831039,0.196182206353,5.35168961202
829,35053,NM,"Socorro County, NM",0.258928571429,0.104644389647,0.421568627451,35053,0.99,"Socorro County, NM",0.412561590107,77,17584,35,53,,"Socorro County, NM",35053,11.0,303167,Unreliable,0.0823529411765,NM,New_Mexico,0.99,0.12084912574,0.244518147685,3.84961845633,16.2165206508
990,39143,OH,"Sandusky County, OH",0.133928571429,0.2630914704,0.247549019608,39143,0.99,"Sandusky County, OH",0.103068528229,1580,60098,39,143,,"Sandusky County, OH",39143,13.0,1040537,Unreliable,0.0227784730914,OH,Ohio,0.99,0.0509144096965,0.0381226533166,2.81359366052,1.53441802253
102,05051,AR,"Garland County, AR",0.165178571429,0.143962487622,0.40931372549,5051,0.99,"Garland County, AR",0.217074747286,536,97173,5,51,,"Garland County, AR",5051,91.0,1589599,5.7,0.134668335419,AR,Arkansas,0.99,0.108581407432,0.0967959949937,2.60869279876,3.78723404255
660,28017,MS,"Chickasaw County, MS",0.263392857143,0.0877910024659,0.544117647059,28017,0.99,"Chickasaw County, MS",0.0644719720167,2177,17311,28,17,,"Chickasaw County, MS",28017,16.0,307878,Unreliable,0.121652065081,MS,Mississippi,0.99,0.166527094471,0.119324155194,4.48750293897,0.232790988736
194,09001,CT,"Fairfield County, CT",0.160714285714,0.61552725084,0.200980392157,9001,0.99,"Fairfield County, CT",0.162856622928,922,939904,9,1,,"Fairfield County, CT",9001,347.0,15450995,2.2,0.0478097622028,CT,Connecticut,0.99,0.0434207676308,0.0652565707134,0.438899457191,1.74468085106
722,28157,MS,"Wilkinson County, MS",0.388392857143,0.054763800167,0.669117647059,28157,0.99,"Wilkinson County, MS",0.0,3042,9381,28,157,,"Wilkinson County, MS",28157,23.0,168941,13.6,0.332165206508,MS,Mississippi,0.99,0.212964640134,0.186307884856,11.9200566374,14.5857321652
938,37165,NC,"Scotland County, NC",0.392857142857,0.121866687377,0.617647058824,37165,0.99,"Scotland County, NC",0.277275921008,312,36025,37,165,,"Scotland County, NC",37165,65.0,612263,10.6,0.257321652065,NC,North_Carolina,0.99,0.187168347426,0.179899874844,7.01533046389,7.74217772215
1106,42129,PA,"Westmoreland County, PA",0.160714285714,0.29637108518,0.247549019608,42129,0.99,"Westmoreland County, PA",0.0868379759219,1817,362437,42,129,,"Westmoreland County, PA",42129,81.0,6216624,1.3,0.0240300375469,PA,Pennsylvania,0.99,0.0503926420029,0.0663329161452,2.63626044559,4.23028785982
1155,46099,SD,"Minnehaha County, SD",0.0401785714286,0.317564025397,0.267156862745,46099,0.99,"Minnehaha County, SD",0.18390001957,754,179640,46,99,,"Minnehaha County, SD",46099,21.0,2786900,0.8,0.0102628285357,SD,South_Dakota,0.99,0.0551516242067,0.0189570296204,4.4888795671,0.869420108469
355,13299,GA,"Ware County, GA",0.209821428571,0.120148340873,0.593137254902,13299,0.99,"Ware County, GA",0.228159356128,489,35709,13,299,,"Ware County, GA",13299,39.0,605797,6.4,0.152690863579,GA,Georgia,0.99,0.176505193737,0.180250312891,2.38143301578,2.75594493116
821,35035,NM,"Otero County, NM",0.196428571429,0.150350465021,0.480392156863,35035,0.99,"Otero County, NM",0.149680777664,1042,65616,35,35,,"Otero County, NM",35035,37.0,1073465,3.4,0.0778473091364,NM,New_Mexico,0.99,0.133563333548,0.104430538173,5.57160244117,2.65832290363
1428,53005,WA,"Benton County, WA",0.21875,0.3864240918,0.308823529412,53005,0.99,"Benton County, WA",0.124320149069,1328,184486,53,5,,"Benton County, WA",53005,41.0,2804809,1.5,0.0280350438048,WA,Washington,0.99,0.0628097908778,0.0583729662078,3.4774747073,3.0337922403
667,28035,MS,"Forrest County, MS",0.200892857143,0.119449352465,0.578431372549,28035,0.99,"Forrest County, MS",0.0934177615348,1721,77059,28,35,,"Forrest County, MS",28035,68.0,1257305,5.4,0.126908635795,MS,Mississippi,0.99,0.171748027379,0.230387984981,4.4839391584,10.3479349186
422,18089,IN,"Lake County, IN",0.223214285714,0.269100829078,0.370098039216,18089,0.99,"Lake County, IN",0.231410282874,473,491456,18,89,,"Lake County, IN",18089,1194.0,8331694,14.3,0.350187734668,IN,Indiana,0.99,0.0838894446965,0.126733416771,26.6298289972,22.3454317897
99,05043,AR,"Drew County, AR",0.232142857143,0.159650894123,0.416666666667,5043,0.99,"Drew County, AR",0.202004399591,636,18785,5,43,,"Drew County, AR",5043,16.0,316346,Unreliable,0.118147684606,AR,Arkansas,0.99,0.111308496787,0.0922653316646,0.683918781887,2.58823529412
1049,41029,OR,"Jackson County, OR",0.223214285714,0.213201172747,0.424019607843,41029,0.99,"Jackson County, OR",0.176874323878,806,208545,41,29,,"Jackson County, OR",41029,41.0,3353108,1.2,0.022027534418,OR,Oregon,0.99,0.106798900647,0.0765707133917,8.47713662285,5.45431789737
1204,47113,TN,"Madison County, TN",0.183035714286,0.23105450168,0.375,47113,0.99,"Madison County, TN",0.635282794036,16,98733,47,113,,"Madison County, TN",47113,126.0,1631484,7.7,0.184730913642,TN,Tennessee,0.99,0.0885284289748,0.0614768460576,9.62024846673,12.3254067584
1006,40019,OK,"Carter County, OK",0.120535714286,0.217395103198,0.335784313725,40019,0.99,"Carter County, OK",0.519013335267,33,48491,40,19,,"Carter County, OK",40019,29.0,797633,3.6,0.0826032540676,OK,Oklahoma,0.99,0.0787240354588,0.0701376720901,0.387921860876,1.24655819775
894,37065,NC,"Edgecombe County, NC",0.348214285714,0.0935382404908,0.585784313725,37065,0.99,"Edgecombe County, NC",0.343413658594,151,55574,37,65,,"Edgecombe County, NC",37065,84.0,949654,8.8,0.213016270338,NC,North_Carolina,0.99,0.180679112788,0.145156445557,3.233715755,6.7859824781
129,05149,AR,"Yell County, AR",0.147321428571,0.140972370542,0.345588235294,5149,0.99,"Yell County, AR",0.152935775068,1010,21893,5,149,,"Yell County, AR",5149,11.0,366764,Unreliable,0.0665832290363,AR,Arkansas,0.99,0.0864621735433,0.120813516896,1.98789445071,5.42302878598
1431,53011,WA,"Clark County, WA",0.209821428571,0.401801836786,0.227941176471,53011,0.99,"Clark County, WA",0.117563035878,1385,443817,53,11,,"Clark County, WA",53011,102.0,6860125,1.5,0.0287859824781,WA,Washington,0.99,0.0488016162562,0.0553608677514,2.00156337781,2.65748852733
1424,51770,VA,"Roanoke city, VA",0.138392857143,0.162058520863,0.450980392157,51770,0.99,"Roanoke city, VA",0.307171215599,235,98465,51,770,,"Roanoke city, VA",51770,104.0,1631495,6.4,0.150938673342,VA,Virginia,0.99,0.120247725751,0.0921652065081,3.06909475906,5.87734668335
1137,45055,SC,"Kershaw County, SC",0.1875,0.24599537891,0.313725490196,45055,0.99,"Kershaw County, SC",0.318669242973,200,62516,45,55,,"Kershaw County, SC",45055,40.0,992649,4.0,0.092365456821,SC,South_Carolina,0.99,0.0670815602437,0.0654568210263,2.52838965773,2.69086357947
1475,54081,WV,"Raleigh County, WV",0.25,0.15212706056,0.40931372549,54081,0.99,"Raleigh County, WV",0.262620709707,354,78833,54,81,,"Raleigh County, WV",54081,58.0,1336309,4.3,0.100125156446,WV,West_Virginia,0.99,0.110271313596,0.0955193992491,1.01461571503,0.46057571965
46,01097,AL,"Mobile County, AL",0.232142857143,0.190629672058,0.401960784314,1097,0.99,"Mobile County, AL",0.308209537529,230,414079,1,97,,"Mobile County, AL",1097,737.0,6906750,10.7,0.258573216521,AL,Alabama,0.99,0.102254204046,0.129136420526,15.6319012475,12.9436795995
7,01015,AL,"Calhoun County, AL",0.232142857143,0.186367784401,0.428921568627,1015,0.99,"Calhoun County, AL",0.324106694054,189,116736,1,15,,"Calhoun County, AL",1015,153.0,1959867,7.8,0.186983729662,AL,Alabama,0.99,0.112196510983,0.127734668335,7.47872186794,5.92490613267
50,01105,AL,"Perry County, AL",0.366071428571,0.0322699648564,0.786764705882,1105,0.99,"Perry County, AL",0.0,2996,10020,1,105,,"Perry County, AL",1105,19.0,183897,Unreliable,0.250062578223,AL,Alabama,0.99,0.252425686519,0.336854401335,0.236310829652,8.67918231122
1157,47001,TN,"Anderson County, TN",0.178571428571,0.209638273499,0.424019607843,47001,0.99,"Anderson County, TN",0.191326179967,697,75542,47,1,,"Anderson County, TN",47001,34.0,1249717,2.7,0.0595744680851,TN,Tennessee,0.99,0.106501984415,0.0647309136421,4.69275163297,0.515644555695
1219,47157,TN,"Shelby County, TN",0.205357142857,0.234005786071,0.463235294118,47157,0.99,"Shelby County, TN",0.733820951146,7,939465,47,157,,"Shelby County, TN",47157,2054.0,15627138,13.1,0.320400500626,TN,Tennessee,0.99,0.117520513305,0.131914893617,20.2879987321,18.8485607009
926,37135,NC,"Orange County, NC",0.125,0.375473273402,0.303921568627,37135,0.99,"Orange County, NC",0.0846884360573,1851,140352,37,135,,"Orange County, NC",37135,50.0,2174188,2.3,0.0490613266583,NC,North_Carolina,0.99,0.0619198987799,0.0497121401752,1.28585721216,0.0650813516896
654,28001,MS,"Adams County, MS",0.276785714286,0.0949362173077,0.598039215686,28001,0.99,"Adams County, MS",0.137379043808,1171,32090,28,1,,"Adams County, MS",28001,48.0,558157,8.6,0.20675844806,MS,Mississippi,0.99,0.183184266757,0.1112640801,2.35741813032,9.54943679599
508,21173,KY,"Montgomery County, KY",0.209821428571,0.190027765373,0.450980392157,21173,0.99,"Montgomery County, KY",0.0982928457075,1649,27251,21,173,,"Montgomery County, KY",21173,17.0,428407,Unreliable,0.0908635794743,KY,Kentucky,0.99,0.118707161961,0.118247809762,2.78435824864,2.73842302879
1203,47111,TN,"Macon County, TN",0.15625,0.145341048094,0.355392156863,47111,0.99,"Macon County, TN",0.164699745874,904,22701,47,111,,"Macon County, TN",47111,19.0,368868,Unreliable,0.120400500626,TN,Tennessee,0.99,0.0893154801851,0.0964956195244,3.10850204407,2.39048811014
286,13077,GA,"Coweta County, GA",0.15625,0.430790439392,0.227941176471,13077,0.99,"Coweta County, GA",0.0921821398761,1735,133180,13,77,,"Coweta County, GA",13077,54.0,1954452,2.8,0.0605757196496,GA,Georgia,0.99,0.0481323105912,0.123170629954,1.24434090583,6.25949103045
934,37157,NC,"Rockingham County, NC",0.214285714286,0.167504805545,0.384803921569,37157,0.99,"Rockingham County, NC",0.153056621585,1009,91878,37,157,,"Rockingham County, NC",37157,77.0,1574581,4.9,0.113892365457,NC,North_Carolina,0.99,0.098627900521,0.0664080100125,1.52644649358,4.74843554443
599,24043,MD,"Washington County, MD",0.169642857143,0.314311787663,0.245098039216,24043,0.99,"Washington County, MD",0.144370122334,1102,149588,24,43,,"Washington County, MD",24043,34.0,2427049,1.4,0.0265331664581,MD,Maryland,0.99,0.0496167536799,0.0397246558198,2.30835872218,1.31914893617
249,12105,FL,"Polk County, FL",0.200892857143,0.205133681533,0.389705882353,12105,0.99,"Polk County, FL",0.194369683912,679,623009,12,105,,"Polk County, FL",12105,307.0,9627747,3.2,0.0713391739675,FL,Florida,0.99,0.0956677665235,0.051013767209,2.4328592556,2.03254067584
309,13139,GA,"Hall County, GA",0.138392857143,0.307593732404,0.365196078431,13139,0.99,"Hall County, GA",0.096302984324,1672,187745,13,139,,"Hall County, GA",13139,63.0,2856303,2.2,0.0468085106383,GA,Georgia,0.99,0.0797584062637,0.122678347935,3.29498956254,7.58698372966
608,25021,MA,"Norfolk County, MA",0.111607142857,0.682416558259,0.154411764706,25021,0.99,"Norfolk County, MA",0.103282819295,1575,687802,25,21,,"Norfolk County, MA",25021,54.0,11304984,0.5,0.00350438047559,MA,Massachusetts,0.99,0.035914281845,0.0371714643304,3.24099013694,3.36670838548
1470,54067,WV,"Nicholas County, WV",0.325892857143,0.155505504534,0.348039215686,54067,0.99,"Nicholas County, WV",0.442733116549,60,25965,54,67,,"Nicholas County, WV",54067,17.0,444795,Unreliable,0.0871088861076,WV,West_Virginia,0.99,0.0908764881645,0.12958698373,0.376760205688,4.2478097622
980,39099,OH,"Mahoning County, OH",0.191964285714,0.189785061064,0.370098039216,39099,0.99,"Mahoning County, OH",0.203296569944,625,233869,39,99,,"Mahoning County, OH",39099,376.0,4155583,9.0,0.21802252816,OH,Ohio,0.99,0.0904276456424,0.0764705882353,12.7594882518,14.1551939925
1393,51149,VA,"Prince George County, VA",0.160714285714,0.392462574996,0.188725490196,51149,0.99,"Prince George County, VA",0.047934901687,2424,37253,51,149,,"Prince George County, VA",51149,14.0,599086,Unreliable,0.0500625782228,VA,Virginia,0.99,0.0411157973479,0.052590738423,0.894678087491,0.252816020025
1417,51683,VA,"Manassas city, VA",0.107142857143,0.482185503757,0.186274509804,51683,0.99,"Manassas city, VA",0.184652025528,749,41705,51,683,,"Manassas city, VA",51683,14.0,635608,Unreliable,0.0465581977472,VA,Virginia,0.99,0.0389809731943,0.0405106382979,0.757722455287,0.604755944931
330,13213,GA,"Murray County, GA",0.25,0.19657107353,0.350490196078,13213,0.99,"Murray County, GA",0.130744437239,1260,39267,13,213,,"Murray County, GA",13213,12.0,662924,Unreliable,0.0367959949937,GA,Georgia,0.99,0.0846731185944,0.113591989987,4.78771236007,7.67959949937
32,01067,AL,"Henry County, AL",0.223214285714,0.19034813506,0.321078431373,1067,0.99,"Henry County, AL",0.216168416488,539,17296,1,67,,"Henry County, AL",1067,16.0,287392,Unreliable,0.130913642053,AL,Alabama,0.99,0.0747115858225,0.0667584480601,5.62020562301,6.41551939925
957,39013,OH,"Belmont County, OH",0.200892857143,0.221161874066,0.291666666667,39013,0.99,"Belmont County, OH",0.0264696871983,2744,69571,39,13,,"Belmont County, OH",39013,19.0,1191772,Unreliable,0.0312891113892,OH,Ohio,0.99,0.0619421038028,0.0554943679599,3.06529924136,2.42052565707
145,06041,CA,"Marin County, CA",0.0758928571429,0.747276857659,0.156862745098,6041,0.99,"Marin County, CA",0.105834074035,1535,258365,6,41,,"Marin County, CA",6041,36.0,4254611,0.8,0.0127659574468,CA,California,0.99,0.0408082161342,0.0111889862328,2.80422586874,0.157697121402
472,21025,KY,"Breathitt County, KY",0.339285714286,0.0514727297439,0.65931372549,21025,0.99,"Breathitt County, KY",0.0082397512569,2954,13545,21,25,,"Breathitt County, KY",21025,12.0,246989,Unreliable,0.113141426783,KY,Kentucky,0.99,0.209829583288,0.261802252816,9.66881565048,14.8660826033
1247,48071,TX,"Chambers County, TX",0.15625,0.528008077199,0.191176470588,48071,0.99,"Chambers County, TX",0.147043366117,1068,36812,48,71,,"Chambers County, TX",48071,18.0,539212,Unreliable,0.0750938673342,TX,Texas,0.99,0.041107346467,0.0592240300375,3.39865208672,1.58698372966
1170,47033,TN,"Crockett County, TN",0.205357142857,0.151253325049,0.377450980392,47033,0.99,"Crockett County, TN",0.363330338045,120,14591,47,33,,"Crockett County, TN",47033,12.0,246894,Unreliable,0.113141426783,TN,Tennessee,0.99,0.0978363456198,0.0672841051314,1.53050811637,4.58573216521
1052,41035,OR,"Klamath County, OR",0.267857142857,0.189212278896,0.411764705882,41035,0.99,"Klamath County, OR",0.126999807433,1304,65910,41,35,,"Klamath County, OR",41035,40.0,1112661,3.6,0.081351689612,OR,Oregon,0.99,0.10699999862,0.13098873592,2.5648309008,4.96370463079
238,12085,FL,"Martin County, FL",0.15625,0.296730287556,0.227941176471,12085,0.99,"Martin County, FL",0.14646063487,1073,151263,12,85,,"Martin County, FL",12085,43.0,2412532,1.8,0.0360450563204,FL,Florida,0.99,0.0460579908325,0.0643888193575,1.00129345121,2.83437630371
1099,42103,PA,"Pike County, PA",0.209821428571,0.364464205969,0.218137254902,42103,0.99,"Pike County, PA",0.0690261716004,2097,56591,42,103,,"Pike County, PA",42103,10.0,912641,Unreliable,0.0190237797247,PA,Pennsylvania,0.99,0.0468090126519,0.0354443053817,2.77852329273,1.64205256571
1283,48227,TX,"Howard County, TX",0.125,0.235462011922,0.384803921569,48227,0.99,"Howard County, TX",0.297953276081,257,36147,48,227,,"Howard County, TX",48227,27.0,586364,4.6,0.106633291615,TX,Texas,0.99,0.0918412284336,0.102227784731,1.47920631809,0.44055068836
167,06095,CA,"Solano County, CA",0.191964285714,0.430149700017,0.262254901961,6095,0.99,"Solano County, CA",0.242506046822,422,424788,6,95,,"Solano County, CA",6095,375.0,6999015,5.4,0.125657071339,CA,California,0.99,0.0548058952117,0.107459324155,7.08511761275,1.8197747184
939,37167,NC,"Stanly County, NC",0.15625,0.213424460711,0.357843137255,37167,0.99,"Stanly County, NC",0.100315081672,1620,60635,37,167,,"Stanly County, NC",37167,42.0,1013255,4.1,0.0953692115144,NC,North_Carolina,0.99,0.0841834984177,0.0686708385482,1.11857130967,2.66983729662
581,23017,ME,"Oxford County, ME",0.165178571429,0.192027648875,0.348039215686,23017,0.99,"Oxford County, ME",0.0633280636527,2194,57277,23,17,,"Oxford County, ME",23017,15.0,966722,Unreliable,0.0302878598248,ME,Maine,0.99,0.0827950779718,0.0754067584481,5.25072181471,4.51188986233
256,12119,FL,"Sumter County, FL",0.258928571429,0.307729646817,0.196078431373,12119,0.99,"Sumter County, FL",0.0792311009405,1940,107056,12,119,,"Sumter County, FL",12119,21.0,1384525,1.5,0.0295369211514,FL,Florida,0.99,0.0429602313956,0.0318397997497,1.34233102442,0.230287859825
1147,45077,SC,"Pickens County, SC",0.178571428571,0.20578412908,0.384803921569,45077,0.99,"Pickens County, SC",0.210959643117,572,119829,45,77,,"Pickens County, SC",45077,69.0,1974870,3.5,0.0788485607009,SC,South_Carolina,0.99,0.0938618224919,0.048986232791,1.5013261791,2.98623279099
350,13285,GA,"Troup County, GA",0.191964285714,0.178581830185,0.394607843137,13285,0.99,"Troup County, GA",0.176172070058,813,69053,13,285,,"Troup County, GA",13285,48.0,1095882,4.4,0.10112640801,GA,Georgia,0.99,0.099926151148,0.132790988736,0.120025686197,3.16645807259
240,12087,FL,"Monroe County, FL",0.0758928571429,0.344038211366,0.225490196078,12087,0.99,"Monroe County, FL",0.28577559846,286,76351,12,87,,"Monroe County, FL",12087,22.0,1294084,1.7,0.0340425531915,FL,Florida,0.99,0.0454492940487,0.0321151439299,1.14067408572,0.192740926158
218,12033,FL,"Escambia County, FL",0.165178571429,0.221744364406,0.308823529412,12033,0.99,"Escambia County, FL",0.445602020099,58,305817,12,33,,"Escambia County, FL",12033,209.0,5095461,4.1,0.0941176470588,FL,Florida,0.99,0.0683813657762,0.0454067584481,2.57362812826,4.87108886108
867,37001,NC,"Alamance County, NC",0.160714285714,0.181270993923,0.416666666667,37001,0.99,"Alamance County, NC",0.243633834944,414,154378,37,1,,"Alamance County, NC",37001,79.0,2451687,3.2,0.0720901126408,NC,North_Carolina,0.99,0.106637376434,0.105782227785,3.45472637929,3.36921151439
706,28119,MS,"Quitman County, MS",0.397321428571,0.0346872997689,0.747549019608,28119,0.99,"Quitman County, MS",0.0,2987,7803,28,119,,"Quitman County, MS",28119,21.0,150093,14.0,0.34167709637,MS,Mississippi,0.99,0.240306902037,0.317580308719,10.1370194333,2.40967876512
154,06067,CA,"Sacramento County, CA",0.1875,0.347950604819,0.392156862745,6067,0.99,"Sacramento County, CA",0.305633457502,240,1462131,6,67,,"Sacramento County, CA",6067,1008.0,23340042,4.3,0.0996245306633,CA,California,0.99,0.0839268570939,0.127734668335,1.56976735694,2.81101376721
967,39053,OH,"Gallia County, OH",0.209821428571,0.153816282547,0.438725490196,39053,0.99,"Gallia County, OH",0.0528496047286,2351,30621,39,53,,"Gallia County, OH",39053,12.0,524972,Unreliable,0.0488110137672,OH,Ohio,0.99,0.119023623011,0.100826032541,7.02126092438,5.20150187735
1495,56025,WY,"Natrona County, WY",0.138392857143,0.328223598625,0.225490196078,56025,0.99,"Natrona County, WY",0.104753000878,1549,80973,56,25,,"Natrona County, WY",56025,28.0,1241853,2.3,0.0478097622028,WY,Wyoming,0.99,0.045978793913,0.0850020859408,0.183096828976,3.7192323738
38,01081,AL,"Lee County, AL",0.151785714286,0.22860804225,0.46568627451,1081,0.99,"Lee County, AL",0.137537729485,1166,150933,1,81,,"Lee County, AL",1081,120.0,2259103,5.3,0.124405506884,AL,Alabama,0.99,0.118463501103,0.159198998748,0.594200578021,3.47934918648
749,29133,MO,"Mississippi County, MO",0.178571428571,0.100858202435,0.5,29133,0.99,"Mississippi County, MO",0.386820320966,98,14282,29,133,,"Mississippi County, MO",29133,13.0,236982,Unreliable,0.128911138924,MO,Missouri,0.99,0.146296187389,0.11098873592,1.73850484651,1.79224030038
39,01083,AL,"Limestone County, AL",0.165178571429,0.312273071472,0.296568627451,1083,0.99,"Limestone County, AL",0.0847937596549,1850,88845,1,83,,"Limestone County, AL",1083,47.0,1311618,3.6,0.0811013767209,AL,Alabama,0.99,0.0610308992704,0.102670838548,2.00704774505,2.15694618273
133,06013,CA,"Contra Costa County, CA",0.142857142857,0.583868900841,0.230392156863,6013,0.99,"Contra Costa County, CA",0.223581036727,504,1094205,6,13,,"Contra Costa County, CA",6013,1033.0,17413808,5.9,0.139924906133,CA,California,0.99,0.0478307197263,0.0752941176471,9.20941864063,6.46307884856
0,01001,AL,"Autauga County, AL",0.15625,0.327029493428,0.252450980392,1001,0.99,"Autauga County, AL",0.140403222647,1136,55246,1,1,,"Autauga County, AL",1001,23.0,864759,2.7,0.0580725907384,AL,Alabama,0.99,0.051179890262,0.0592824363788,0.689270047645,0.120984564038
166,06093,CA,"Siskiyou County, CA",0.334821428571,0.141283032056,0.485294117647,6093,0.99,"Siskiyou County, CA",0.132504997863,1235,43799,6,93,,"Siskiyou County, CA",6093,14.0,752982,Unreliable,0.0380475594493,CA,California,0.99,0.140519332845,0.137446808511,10.2471773395,9.93992490613
575,22119,LA,"Webster Parish, LA",0.3125,0.113313787546,0.553921568627,22119,0.99,"Webster Parish, LA",0.183826585954,755,40678,22,119,,"Webster Parish, LA",22119,27.0,699587,3.9,0.0881101376721,LA,Louisiana,0.99,0.167293250239,0.195444305382,7.91831125665,10.733416771
720,28151,MS,"Washington County, MS",0.375,0.0450944605169,0.779411764706,28151,0.99,"Washington County, MS",0.16958543359,862,49688,28,151,,"Washington County, MS",28151,157.0,927492,16.9,0.415269086358,MS,Mississippi,0.99,0.249058926068,0.177480183563,16.621016029,23.7788902795
676,28057,MS,"Itawamba County, MS",0.174107142857,0.159233442712,0.365196078431,28057,0.99,"Itawamba County, MS",0.0738207380989,2027,23434,28,57,,"Itawamba County, MS",28057,10.0,394204,Unreliable,0.0550688360451,MS,Mississippi,0.99,0.0915475357724,0.0776971214018,3.64786997274,2.26282853567
627,26093,MI,"Livingston County, MI",0.125,0.524629633225,0.134803921569,26093,0.99,"Livingston County, MI",0.049316079268,2405,184443,26,93,,"Livingston County, MI",26093,22.0,2995042,0.7,0.00976220275344,MI,Michigan,0.99,0.030549942077,0.0154693366708,2.07877393236,0.57071339174
1016,40049,OK,"Garvin County, OK",0.129464285714,0.225666466031,0.274509803922,40049,0.99,"Garvin County, OK",0.144950018027,1092,27334,40,49,,"Garvin County, OK",40049,18.0,464131,Unreliable,0.0886107634543,OK,Oklahoma,0.99,0.0595881893287,0.0664831038798,2.90225741256,2.21276595745
130,06001,CA,"Alameda County, CA",0.129464285714,0.568588237578,0.264705882353,6001,0.99,"Alameda County, CA",0.420589016676,72,1578891,6,1,,"Alameda County, CA",6001,1751.0,25442713,6.9,0.163704630788,CA,California,0.99,0.0533067997136,0.0957446808511,11.0397831075,6.79599499374
458,20103,KS,"Leavenworth County, KS",0.120535714286,0.374453915306,0.218137254902,20103,0.99,"Leavenworth County, KS",0.247667573587,401,78185,20,103,,"Leavenworth County, KS",20103,21.0,1255850,1.7,0.0332916145181,KS,Kansas,0.99,0.0453419757071,0.0303796412182,1.20503611889,0.291197329996
1085,42069,PA,"Lackawanna County, PA",0.178571428571,0.243733374755,0.333333333333,42069,0.99,"Lackawanna County, PA",0.129381168878,1271,213931,42,69,,"Lackawanna County, PA",42069,29.0,3623840,0.8,0.0115143929912,PA,Pennsylvania,0.99,0.0736759294311,0.0743679599499,6.21615364399,6.28535669587
536,22033,LA,"East Baton Rouge Parish, LA",0.160714285714,0.266926198474,0.40931372549,22033,0.99,"East Baton Rouge Parish, LA",0.372252883831,109,445227,22,33,,"East Baton Rouge Parish, LA",22033,997.0,7290500,13.7,0.333917396746,LA,Louisiana,0.99,0.0964771677842,0.210438047559,23.7440228962,12.3479349186
866,36119,NY,"Westchester County, NY",0.120535714286,0.609614973885,0.223039215686,36119,0.99,"Westchester County, NY",0.140545813863,1133,968802,36,119,,"Westchester County, NY",36119,227.0,16044448,1.4,0.0267834793492,NY,New_York,0.99,0.0463267196218,0.0568710888611,1.95432402726,3.00876095119
953,39001,OH,"Adams County, OH",0.267857142857,0.133147583636,0.436274509804,39001,0.99,"Adams County, OH",0.0377253368606,2585,28105,39,1,,"Adams County, OH",39001,21.0,479005,4.4,0.10112640801,OH,Ohio,0.99,0.122652312669,0.157371714643,2.15259046592,5.62453066333
209,12011,FL,"Broward County, FL",0.147321428571,0.298332135992,0.31862745098,12011,0.99,"Broward County, FL",0.262806510633,353,1838844,12,11,,"Broward County, FL",12011,961.0,29615009,3.2,0.072590738423,FL,Florida,0.99,0.066268443968,0.0879098873592,0.6322294455,1.53191489362
1371,51047,VA,"Culpeper County, VA",0.116071428571,0.39642350931,0.19362745098,51047,0.99,"Culpeper County, VA",0.0828323817155,1877,48506,51,47,,"Culpeper County, VA",51047,13.0,730526,Unreliable,0.0360450563204,VA,Virginia,0.99,0.0414644828355,0.0598247809762,0.541942651508,2.37797246558
699,28103,MS,"Noxubee County, MS",0.352678571429,0.0499679630313,0.69362745098,28103,0.99,"Noxubee County, MS",0.0,3081,11089,28,103,,"Noxubee County, MS",28103,17.0,200601,Unreliable,0.203504380476,MS,Mississippi,0.99,0.220893031827,0.209662077597,1.73886513513,0.61576971214
639,26161,MI,"Washtenaw County, MI",0.0848214285714,0.383540764616,0.321078431373,26161,0.99,"Washtenaw County, MI",0.164304638549,908,354240,26,161,,"Washtenaw County, MI",26161,99.0,5808623,1.7,0.0340425531915,MI,Michigan,0.99,0.0651576923489,0.0447309136421,3.11151391574,1.06883604506
899,37075,NC,"Graham County, NC",0.455357142857,0.106139448187,0.406862745098,37075,0.99,"Graham County, NC",0.0,2983,8736,37,75,,"Graham County, NC",37075,12.0,144196,Unreliable,0.199749687109,NC,North_Carolina,0.99,0.120717405597,0.170638297872,7.90322815122,2.91113892365
791,34003,NJ,"Bergen County, NJ",0.129464285714,0.637030852572,0.154411764706,34003,0.99,"Bergen County, NJ",0.0520449034116,2366,925328,34,3,,"Bergen County, NJ",34003,92.0,15329094,0.6,0.00650813516896,NJ,New_Jersey,0.99,0.0347618040763,0.0254818523154,2.82536689074,1.89737171464
552,22069,LA,"Natchitoches Parish, LA",0.272321428571,0.105741413122,0.629901960784,22069,0.99,"Natchitoches Parish, LA",0.317957701796,202,39138,22,69,,"Natchitoches Parish, LA",22069,44.0,665591,6.6,0.156946182728,LA,Louisiana,0.99,0.191621290678,0.112565707134,3.46751079496,4.43804755945
723,28159,MS,"Winston County, MS",0.285714285714,0.119624099567,0.539215686275,28159,0.99,"Winston County, MS",0.0653439290095,2161,18788,28,159,,"Winston County, MS",28159,13.0,329826,Unreliable,0.090112640801,MS,Mississippi,0.99,0.16127609254,0.158272841051,7.11634517391,6.81602002503
796,34013,NJ,"Essex County, NJ",0.227678571429,0.284565947615,0.384803921569,34013,0.99,"Essex County, NJ",0.368295404313,114,789565,34,13,,"Essex County, NJ",34013,1617.0,13405764,12.1,0.293366708385,NJ,New_Jersey,0.99,0.0873713158787,0.10337922403,20.5995392507,18.9987484355
1325,48439,TX,"Tarrant County, TX",0.107142857143,0.367366949498,0.301470588235,48439,0.99,"Tarrant County, TX",0.232230726899,468,1911541,48,439,,"Tarrant County, TX",48439,1019.0,28906016,3.5,0.0798498122653,TX,Texas,0.99,0.061593831947,0.0657488527326,1.82559803183,1.41009595327
538,22037,LA,"East Feliciana Parish, LA",0.1875,0.196211871153,0.424019607843,22037,0.99,"East Feliciana Parish, LA",0.011314621935,2933,19728,22,37,,"East Feliciana Parish, LA",22037,23.0,346660,6.6,0.157446808511,LA,Louisiana,0.99,0.107961883529,0.0689190059002,4.94849249814,8.85278026104
777,32003,NV,"Clark County, NV",0.227678571429,0.278915791313,0.362745098039,32003,0.99,"Clark County, NV",0.382340873081,102,2027868,32,3,,"Clark County, NV",32003,1506.0,30314642,5.0,0.115894868586,NV,Nevada,0.99,0.0806521365725,0.0978222778473,3.52427320132,1.80725907384
1022,40081,OK,"Lincoln County, OK",0.125,0.233792206279,0.299019607843,40081,0.99,"Lincoln County, OK",0.113716051289,1435,34351,40,81,,"Lincoln County, OK",40081,17.0,568661,Unreliable,0.0663329161452,OK,Oklahoma,0.99,0.0662523236509,0.0604881101377,0.00805924942547,0.584480600751
1297,48315,TX,"Marion County, TX",0.209821428571,0.119002776537,0.460784313725,48315,0.99,"Marion County, TX",0.408918285731,80,10235,48,315,,"Marion County, TX",48315,12.0,182323,Unreliable,0.156195244055,TX,Texas,0.99,0.131128115502,0.143904881101,2.50671285528,1.22903629537
370,16057,ID,"Latah County, ID",0.0758928571429,0.227811972118,0.421568627451,16057,0.99,"Latah County, ID",0.0835341083584,1866,38078,16,57,,"Latah County, ID",16057,13.0,621898,Unreliable,0.0438047559449,ID,Idaho,0.99,0.105435766944,0.0697121401752,6.16310109993,2.59073842303
462,20169,KS,"Saline County, KS",0.0892857142857,0.234530027377,0.299019607843,20169,0.99,"Saline County, KS",0.189216042492,712,55740,20,169,,"Saline County, KS",20169,18.0,931548,Unreliable,0.0397997496871,KS,Kansas,0.99,0.0677267415821,0.0460325406758,2.7926991895,0.623279098874
655,28003,MS,"Alcorn County, MS",0.169642857143,0.179494398385,0.379901960784,28003,0.99,"Alcorn County, MS",0.0,3025,37316,28,3,,"Alcorn County, MS",28003,31.0,614560,5.0,0.117647058824,MS,Mississippi,0.99,0.0943973677463,0.104380475594,2.32496910773,1.3266583229
845,36055,NY,"Monroe County, NY",0.147321428571,0.303962875949,0.338235294118,36055,0.99,"Monroe County, NY",0.199137865298,653,749606,36,55,,"Monroe County, NY",36055,534.0,12620383,4.2,0.0973717146433,NY,New_York,0.99,0.0716515387072,0.111013767209,2.57201759362,1.36420525657
878,37027,NC,"Caldwell County, NC",0.200892857143,0.162534221307,0.333333333333,37027,0.99,"Caldwell County, NC",0.0891607112667,1781,81990,37,27,,"Caldwell County, NC",37027,47.0,1370367,3.4,0.0773466833542,NC,North_Carolina,0.99,0.0812267273134,0.0649812265332,0.388004395925,1.2365456821
374,17019,IL,"Champaign County, IL",0.147321428571,0.271042463546,0.455882352941,17019,0.99,"Champaign County, IL",0.312657897722,215,204897,17,19,,"Champaign County, IL",17019,48.0,3305700,1.5,0.0277847309136,IL,Illinois,0.99,0.111256343516,0.108305381727,8.34716126019,8.05206508135
470,21019,KY,"Boyd County, KY",0.227678571429,0.199134031027,0.426470588235,21019,0.99,"Boyd County, KY",0.0924620739688,1732,48886,21,19,,"Boyd County, KY",21019,14.0,838727,Unreliable,0.0332916145181,KY,Kentucky,0.99,0.109580552513,0.106382978723,7.62889379952,7.30913642053
746,29105,MO,"Laclede County, MO",0.200892857143,0.173261751743,0.350490196078,29105,0.99,"Laclede County, MO",0.242509206987,421,35667,29,105,,"Laclede County, MO",29105,16.0,585656,Unreliable,0.0598247809762,MO,Missouri,0.99,0.0857925615345,0.0892615769712,2.59677805583,2.9436795995
677,28059,MS,"Jackson County, MS",0.232142857143,0.227608100499,0.34068627451,28059,0.99,"Jackson County, MS",0.165682800419,892,140450,28,59,,"Jackson County, MS",28059,121.0,2325872,5.2,0.121652065081,MS,Mississippi,0.99,0.0778343778173,0.109612015019,4.38176872641,1.20400500626
182,08031,CO,"Denver County/city, CO",0.0848214285714,0.339708366503,0.355392156863,8031,0.99,"Denver County, CO",0.334309358154,170,649495,8,31,,"Denver County, CO",8031,489.0,10013600,4.9,0.113642052566,CO,Colorado,0.99,0.0765510792346,0.0714142678348,3.70909733311,4.22277847309
1004,40015,OK,"Caddo County, OK",0.147321428571,0.2005125915,0.436274509804,40015,0.99,"Caddo County, OK",0.214963288323,551,29594,40,15,,"Caddo County, OK",40015,19.0,499997,Unreliable,0.0866082603254,OK,Oklahoma,0.99,0.111304365783,0.0783229036295,2.4696105458,0.828535669587
480,21049,KY,"Clark County, KY",0.151785714286,0.309865444731,0.30637254902,21049,0.99,"Clark County, KY",0.108116368874,1499,35614,21,49,,"Clark County, KY",21049,11.0,589805,Unreliable,0.0382978723404,KY,Kentucky,0.99,0.0632833025892,0.0865832290363,2.49854302488,4.82853566959
862,36103,NY,"Suffolk County, NY",0.129464285714,0.628507077258,0.171568627451,36103,0.99,"Suffolk County, NY",0.0787341934086,1950,1499738,36,103,,"Suffolk County, NY",36103,307.0,25065551,1.2,0.022027534418,NY,New_York,0.99,0.0377983171774,0.031914893617,1.57707827593,0.9887359199
908,37093,NC,"Hoke County, NC",0.276785714286,0.193435333864,0.414215686275,37093,0.99,"Hoke County, NC",0.058715572903,2264,51322,37,93,,"Hoke County, NC",37093,55.0,726946,7.6,0.180976220275,NC,North_Carolina,0.99,0.107606372019,0.0825782227785,7.33698482567,9.83979974969
514,21197,KY,"Powell County, KY",0.232142857143,0.112770129895,0.504901960784,21197,0.99,"Powell County, KY",0.0312650878619,2672,12494,21,197,,"Powell County, KY",21197,15.0,217967,Unreliable,0.163704630788,KY,Kentucky,0.99,0.148163413525,0.164856070088,1.55412172631,0.115143929912
437,18157,IN,"Tippecanoe County, IN",0.107142857143,0.264800108732,0.419117647059,18157,0.99,"Tippecanoe County, IN",0.168798077876,872,180174,18,157,,"Tippecanoe County, IN",18157,22.0,2813186,0.8,0.011013767209,IN,Indiana,0.99,0.100481118376,0.122302878598,8.94673511674,11.1289111389
1221,47165,TN,"Sumner County, TN",0.125,0.358445139118,0.208333333333,47165,0.99,"Sumner County, TN",0.164548400506,905,168888,47,165,,"Sumner County, TN",47165,48.0,2576735,1.9,0.0380475594493,TN,Tennessee,0.99,0.0434554182899,0.0431789737171,0.540785884062,0.513141426783
487,21081,KY,"Grant County, KY",0.160714285714,0.217589266645,0.325980392157,21081,0.99,"Grant County, KY",0.0293074900048,2703,24753,21,81,,"Grant County, KY",21081,12.0,408633,Unreliable,0.0650813516896,KY,Kentucky,0.99,0.0740414317199,0.0757697121402,0.896008003031,1.06883604506
785,33009,NH,"Grafton County, NH",0.0446428571429,0.339135584335,0.227941176471,33009,0.99,"Grafton County, NH",0.0678642513038,2117,89629,33,9,,"Grafton County, NH",33009,11.0,1472825,Unreliable,0.0102628285357,NH,New_Hampshire,0.99,0.0459428797874,0.0186232790989,3.56800512517,0.83604505632
